sequence,hemolytic,length,charge,hydrophobicity,polar_fraction
DWFKAFYDKVAEKDLYDKLWSDLYDKL,1,27,-0.07407407407407407,-0.8111111111111109,0.48148148148148145
GFFO,0,4,0.0,1.2999999999999998,0.0
KRVMRGK,1,7,0.5714285714285714,-1.5857142857142859,0.5714285714285714
GIGAVLKVLTTV,0,12,0.08333333333333333,1.7000000000000002,0.25
MNMQLLTSK,0,9,0.1111111111111111,-0.11111111111111116,0.5555555555555556
VSHDVAKF,1,8,0.012499999999999997,0.2,0.5
DWFKAFYDKVAEKDLYDKLWSDLYDKL,1,27,-0.07407407407407407,-0.8111111111111109,0.48148148148148145
GFFO,0,4,0.0,1.2999999999999998,0.0
KRVMRGK,1,7,0.5714285714285714,-1.5857142857142859,0.5714285714285714
GIGAVLKVLTTV,0,12,0.08333333333333333,1.7000000000000002,0.25
MNMQLLTSK,0,9,0.1111111111111111,-0.11111111111111116,0.5555555555555556
VSHDVAKF,1,8,0.012499999999999997,0.2,0.5
DWFKAFYDKVAEKDLYDKLWSDLYDKL,1,27,-0.07407407407407407,-0.8111111111111109,0.48148148148148145
GFFO,0,4,0.0,1.2999999999999998,0.0
KRVMRGK,1,7,0.5714285714285714,-1.5857142857142859,0.5714285714285714
GIGAVLKVLTTV,0,12,0.08333333333333333,1.7000000000000002,0.25
MNMQLLTSK,0,9,0.1111111111111111,-0.11111111111111116,0.5555555555555556
VSHDVAKF,1,8,0.012499999999999997,0.2,0.5
DWFKAFYDKVAEKDLYDKLWSDLYDKL,1,27,-0.07407407407407407,-0.8111111111111109,0.48148148148148145
GFFO,0,4,0.0,1.2999999999999998,0.0
KRVMRGK,1,7,0.5714285714285714,-1.5857142857142859,0.5714285714285714
GIGAVLKVLTTV,0,12,0.08333333333333333,1.7000000000000002,0.25
MNMQLLTSK,0,9,0.1111111111111111,-0.11111111111111116,0.5555555555555556
VSHDVAKF,1,8,0.012499999999999997,0.2,0.5
DWFKAFYDKVAEKDLYDKLWSDLYDKL,1,27,-0.07407407407407407,-0.8111111111111109,0.48148148148148145
GFFO,0,4,0.0,1.2999999999999998,0.0
KRVMRGK,1,7,0.5714285714285714,-1.5857142857142859,0.5714285714285714
GIGAVLKVLTTV,0,12,0.08333333333333333,1.7000000000000002,0.25
MNMQLLTSK,0,9,0.1111111111111111,-0.11111111111111116,0.5555555555555556
VSHDVAKF,1,8,0.012499999999999997,0.2,0.5
DWFKAFYDKVAEKDLYDKLWSDLYDKL,1,27,-0.07407407407407407,-0.8111111111111109,0.48148148148148145
GFFO,0,4,0.0,1.2999999999999998,0.0
KRVMRGK,1,7,0.5714285714285714,-1.5857142857142859,0.5714285714285714
GIGAVLKVLTTV,0,12,0.08333333333333333,1.7000000000000002,0.25
MNMQLLTSK,0,9,0.1111111111111111,-0.11111111111111116,0.5555555555555556
VSHDVAKF,1,8,0.012499999999999997,0.2,0.5
DWFKAFYDKVAEKDLYDKLWSDLYDKL,1,27,-0.07407407407407407,-0.8111111111111109,0.48148148148148145
GFFO,0,4,0.0,1.2999999999999998,0.0
KRVMRGK,1,7,0.5714285714285714,-1.5857142857142859,0.5714285714285714
GIGAVLKVLTTV,0,12,0.08333333333333333,1.7000000000000002,0.25
MNMQLLTSK,0,9,0.1111111111111111,-0.11111111111111116,0.5555555555555556
VSHDVAKF,1,8,0.012499999999999997,0.2,0.5
DWFKAFYDKVAEKDLYDKLWSDLYDKL,1,27,-0.07407407407407407,-0.8111111111111109,0.48148148148148145
GFFO,0,4,0.0,1.2999999999999998,0.0
KRVMRGK,1,7,0.5714285714285714,-1.5857142857142859,0.5714285714285714
GIGAVLKVLTTV,0,12,0.08333333333333333,1.7000000000000002,0.25
MNMQLLTSK,0,9,0.1111111111111111,-0.11111111111111116,0.5555555555555556
VSHDVAKF,1,8,0.012499999999999997,0.2,0.5
DWFKAFYDKVAEKDLYDKLWSDLYDKL,1,27,-0.07407407407407407,-0.8111111111111109,0.48148148148148145
GFFO,0,4,0.0,1.2999999999999998,0.0
KRVMRGK,1,7,0.5714285714285714,-1.5857142857142859,0.5714285714285714
GIGAVLKVLTTV,0,12,0.08333333333333333,1.7000000000000002,0.25
MNMQLLTSK,0,9,0.1111111111111111,-0.11111111111111116,0.5555555555555556
VSHDVAKF,1,8,0.012499999999999997,0.2,0.5
DWFKAFYDKVAEKDLYDKLWSDLYDKL,1,27,-0.07407407407407407,-0.8111111111111109,0.48148148148148145
GFFO,0,4,0.0,1.2999999999999998,0.0
KRVMRGK,1,7,0.5714285714285714,-1.5857142857142859,0.5714285714285714
GIGAVLKVLTTV,0,12,0.08333333333333333,1.7000000000000002,0.25
MNMQLLTSK,0,9,0.1111111111111111,-0.11111111111111116,0.5555555555555556
VSHDVAKF,1,8,0.012499999999999997,0.2,0.5
DWFKAFYDKVAEKDLYDKLWSDLYDKL,1,27,-0.07407407407407407,-0.8111111111111109,0.48148148148148145
GFFO,0,4,0.0,1.2999999999999998,0.0
KRVMRGK,1,7,0.5714285714285714,-1.5857142857142859,0.5714285714285714
GIGAVLKVLTTV,0,12,0.08333333333333333,1.7000000000000002,0.25
MNMQLLTSK,0,9,0.1111111111111111,-0.11111111111111116,0.5555555555555556
VSHDVAKF,1,8,0.012499999999999997,0.2,0.5
DWFKAFYDKVAEKDLYDKLWSDLYDKL,1,27,-0.07407407407407407,-0.8111111111111109,0.48148148148148145
GFFO,0,4,0.0,1.2999999999999998,0.0
KRVMRGK,1,7,0.5714285714285714,-1.5857142857142859,0.5714285714285714
GIGAVLKVLTTV,0,12,0.08333333333333333,1.7000000000000002,0.25
MNMQLLTSK,0,9,0.1111111111111111,-0.11111111111111116,0.5555555555555556
VSHDVAKF,1,8,0.012499999999999997,0.2,0.5
DWFKAFYDKVAEKDLYDKLWSDLYDKL,1,27,-0.07407407407407407,-0.8111111111111109,0.48148148148148145
GFFO,0,4,0.0,1.2999999999999998,0.0
KRVMRGK,1,7,0.5714285714285714,-1.5857142857142859,0.5714285714285714
GIGAVLKVLTTV,0,12,0.08333333333333333,1.7000000000000002,0.25
MNMQLLTSK,0,9,0.1111111111111111,-0.11111111111111116,0.5555555555555556
VSHDVAKF,1,8,0.012499999999999997,0.2,0.5
DWFKAFYDKVAEKDLYDKLWSDLYDKL,1,27,-0.07407407407407407,-0.8111111111111109,0.48148148148148145
GFFO,0,4,0.0,1.2999999999999998,0.0
KRVMRGK,1,7,0.5714285714285714,-1.5857142857142859,0.5714285714285714
GIGAVLKVLTTV,0,12,0.08333333333333333,1.7000000000000002,0.25
MNMQLLTSK,0,9,0.1111111111111111,-0.11111111111111116,0.5555555555555556
VSHDVAKF,1,8,0.012499999999999997,0.2,0.5
DWFKAFYDKVAEKDLYDKLWSDLYDKL,1,27,-0.07407407407407407,-0.8111111111111109,0.48148148148148145
GFFO,0,4,0.0,1.2999999999999998,0.0
KRVMRGK,1,7,0.5714285714285714,-1.5857142857142859,0.5714285714285714
GIGAVLKVLTTV,0,12,0.08333333333333333,1.7000000000000002,0.25
MNMQLLTSK,0,9,0.1111111111111111,-0.11111111111111116,0.5555555555555556
VSHDVAKF,1,8,0.012499999999999997,0.2,0.5
DWFKAFYDKVAEKDLYDKLWSDLYDKL,1,27,-0.07407407407407407,-0.8111111111111109,0.48148148148148145
GFFO,0,4,0.0,1.2999999999999998,0.0
KRVMRGK,1,7,0.5714285714285714,-1.5857142857142859,0.5714285714285714
GIGAVLKVLTTV,0,12,0.08333333333333333,1.7000000000000002,0.25
MNMQLLTSK,0,9,0.1111111111111111,-0.11111111111111116,0.5555555555555556
VSHDVAKF,1,8,0.012499999999999997,0.2,0.5
DWFKAFYDKVAEKDLYDKLWSDLYDKL,1,27,-0.07407407407407407,-0.8111111111111109,0.48148148148148145
GFFO,0,4,0.0,1.2999999999999998,0.0
KRVMRGK,1,7,0.5714285714285714,-1.5857142857142859,0.5714285714285714
GIGAVLKVLTTV,0,12,0.08333333333333333,1.7000000000000002,0.25
MNMQLLTSK,0,9,0.1111111111111111,-0.11111111111111116,0.5555555555555556
VSHDVAKF,1,8,0.012499999999999997,0.2,0.5
DWFKAFYDKVAEKDLYDKLWSDLYDKL,1,27,-0.07407407407407407,-0.8111111111111109,0.48148148148148145
GFFO,0,4,0.0,1.2999999999999998,0.0
KRVMRGK,1,7,0.5714285714285714,-1.5857142857142859,0.5714285714285714
GIGAVLKVLTTV,0,12,0.08333333333333333,1.7000000000000002,0.25
MNMQLLTSK,0,9,0.1111111111111111,-0.11111111111111116,0.5555555555555556
VSHDVAKF,1,8,0.012499999999999997,0.2,0.5
DWFKAFYDKVAEKDLYDKLWSDLYDKL,1,27,-0.07407407407407407,-0.8111111111111109,0.48148148148148145
GFFO,0,4,0.0,1.2999999999999998,0.0
KRVMRGK,1,7,0.5714285714285714,-1.5857142857142859,0.5714285714285714
GIGAVLKVLTTV,0,12,0.08333333333333333,1.7000000000000002,0.25
MNMQLLTSK,0,9,0.1111111111111111,-0.11111111111111116,0.5555555555555556
VSHDVAKF,1,8,0.012499999999999997,0.2,0.5
DWFKAFYDKVAEKDLYDKLWSDLYDKL,1,27,-0.07407407407407407,-0.8111111111111109,0.48148148148148145
GFFO,0,4,0.0,1.2999999999999998,0.0
KRVMRGK,1,7,0.5714285714285714,-1.5857142857142859,0.5714285714285714
GIGAVLKVLTTV,0,12,0.08333333333333333,1.7000000000000002,0.25
MNMQLLTSK,0,9,0.1111111111111111,-0.11111111111111116,0.5555555555555556
VSHDVAKF,1,8,0.012499999999999997,0.2,0.5
DWFKAFYDKVAEKDLYDKLWSDLYDKL,1,27,-0.07407407407407407,-0.8111111111111109,0.48148148148148145
GFFO,0,4,0.0,1.2999999999999998,0.0
KRVMRGK,1,7,0.5714285714285714,-1.5857142857142859,0.5714285714285714
GIGAVLKVLTTV,0,12,0.08333333333333333,1.7000000000000002,0.25
MNMQLLTSK,0,9,0.1111111111111111,-0.11111111111111116,0.5555555555555556
VSHDVAKF,1,8,0.012499999999999997,0.2,0.5
DWFKAFYDKVAEKDLYDKLWSDLYDKL,1,27,-0.07407407407407407,-0.8111111111111109,0.48148148148148145
GFFO,0,4,0.0,1.2999999999999998,0.0
KRVMRGK,1,7,0.5714285714285714,-1.5857142857142859,0.5714285714285714
GIGAVLKVLTTV,0,12,0.08333333333333333,1.7000000000000002,0.25
MNMQLLTSK,0,9,0.1111111111111111,-0.11111111111111116,0.5555555555555556
VSHDVAKF,1,8,0.012499999999999997,0.2,0.5
DWFKAFYDKVAEKDLYDKLWSDLYDKL,1,27,-0.07407407407407407,-0.8111111111111109,0.48148148148148145
GFFO,0,4,0.0,1.2999999999999998,0.0
KRVMRGK,1,7,0.5714285714285714,-1.5857142857142859,0.5714285714285714
GIGAVLKVLTTV,0,12,0.08333333333333333,1.7000000000000002,0.25
MNMQLLTSK,0,9,0.1111111111111111,-0.11111111111111116,0.5555555555555556
VSHDVAKF,1,8,0.012499999999999997,0.2,0.5
DWFKAFYDKVAEKDLYDKLWSDLYDKL,1,27,-0.07407407407407407,-0.8111111111111109,0.48148148148148145
GFFO,0,4,0.0,1.2999999999999998,0.0
KRVMRGK,1,7,0.5714285714285714,-1.5857142857142859,0.5714285714285714
GIGAVLKVLTTV,0,12,0.08333333333333333,1.7000000000000002,0.25
MNMQLLTSK,0,9,0.1111111111111111,-0.11111111111111116,0.5555555555555556
VSHDVAKF,1,8,0.012499999999999997,0.2,0.5
DWFKAFYDKVAEKDLYDKLWSDLYDKL,1,27,-0.07407407407407407,-0.8111111111111109,0.48148148148148145
GFFO,0,4,0.0,1.2999999999999998,0.0
KRVMRGK,1,7,0.5714285714285714,-1.5857142857142859,0.5714285714285714
GIGAVLKVLTTV,0,12,0.08333333333333333,1.7000000000000002,0.25
MNMQLLTSK,0,9,0.1111111111111111,-0.11111111111111116,0.5555555555555556
VSHDVAKF,1,8,0.012499999999999997,0.2,0.5
DWFKAFYDKVAEKDLYDKLWSDLYDKL,1,27,-0.07407407407407407,-0.8111111111111109,0.48148148148148145
GFFO,0,4,0.0,1.2999999999999998,0.0
KRVMRGK,1,7,0.5714285714285714,-1.5857142857142859,0.5714285714285714
GIGAVLKVLTTV,0,12,0.08333333333333333,1.7000000000000002,0.25
MNMQLLTSK,0,9,0.1111111111111111,-0.11111111111111116,0.5555555555555556
VSHDVAKF,1,8,0.012499999999999997,0.2,0.5
DWFKAFYDKVAEKDLYDKLWSDLYDKL,1,27,-0.07407407407407407,-0.8111111111111109,0.48148148148148145
GFFO,0,4,0.0,1.2999999999999998,0.0
KRVMRGK,1,7,0.5714285714285714,-1.5857142857142859,0.5714285714285714
GIGAVLKVLTTV,0,12,0.08333333333333333,1.7000000000000002,0.25
MNMQLLTSK,0,9,0.1111111111111111,-0.11111111111111116,0.5555555555555556
VSHDVAKF,1,8,0.012499999999999997,0.2,0.5
DWFKAFYDKVAEKDLYDKLWSDLYDKL,1,27,-0.07407407407407407,-0.8111111111111109,0.48148148148148145
GFFO,0,4,0.0,1.2999999999999998,0.0
KRVMRGK,1,7,0.5714285714285714,-1.5857142857142859,0.5714285714285714
GIGAVLKVLTTV,0,12,0.08333333333333333,1.7000000000000002,0.25
MNMQLLTSK,0,9,0.1111111111111111,-0.11111111111111116,0.5555555555555556
VSHDVAKF,1,8,0.012499999999999997,0.2,0.5
DWFKAFYDKVAEKDLYDKLWSDLYDKL,1,27,-0.07407407407407407,-0.8111111111111109,0.48148148148148145
GFFO,0,4,0.0,1.2999999999999998,0.0
KRVMRGK,1,7,0.5714285714285714,-1.5857142857142859,0.5714285714285714
GIGAVLKVLTTV,0,12,0.08333333333333333,1.7000000000000002,0.25
MNMQLLTSK,0,9,0.1111111111111111,-0.11111111111111116,0.5555555555555556
VSHDVAKF,1,8,0.012499999999999997,0.2,0.5
DWFKAFYDKVAEKDLYDKLWSDLYDKL,1,27,-0.07407407407407407,-0.8111111111111109,0.48148148148148145
GFFO,0,4,0.0,1.2999999999999998,0.0
KRVMRGK,1,7,0.5714285714285714,-1.5857142857142859,0.5714285714285714
GIGAVLKVLTTV,0,12,0.08333333333333333,1.7000000000000002,0.25
MNMQLLTSK,0,9,0.1111111111111111,-0.11111111111111116,0.5555555555555556
VSHDVAKF,1,8,0.012499999999999997,0.2,0.5
DWFKAFYDKVAEKDLYDKLWSDLYDKL,1,27,-0.07407407407407407,-0.8111111111111109,0.48148148148148145
GFFO,0,4,0.0,1.2999999999999998,0.0
KRVMRGK,1,7,0.5714285714285714,-1.5857142857142859,0.5714285714285714
GIGAVLKVLTTV,0,12,0.08333333333333333,1.7000000000000002,0.25
MNMQLLTSK,0,9,0.1111111111111111,-0.11111111111111116,0.5555555555555556
VSHDVAKF,1,8,0.012499999999999997,0.2,0.5
DWFKAFYDKVAEKDLYDKLWSDLYDKL,1,27,-0.07407407407407407,-0.8111111111111109,0.48148148148148145
GFFO,0,4,0.0,1.2999999999999998,0.0
KRVMRGK,1,7,0.5714285714285714,-1.5857142857142859,0.5714285714285714
GIGAVLKVLTTV,0,12,0.08333333333333333,1.7000000000000002,0.25
MNMQLLTSK,0,9,0.1111111111111111,-0.11111111111111116,0.5555555555555556
VSHDVAKF,1,8,0.012499999999999997,0.2,0.5
DWFKAFYDKVAEKDLYDKLWSDLYDKL,1,27,-0.07407407407407407,-0.8111111111111109,0.48148148148148145
GFFO,0,4,0.0,1.2999999999999998,0.0
KRVMRGK,1,7,0.5714285714285714,-1.5857142857142859,0.5714285714285714
GIGAVLKVLTTV,0,12,0.08333333333333333,1.7000000000000002,0.25
MNMQLLTSK,0,9,0.1111111111111111,-0.11111111111111116,0.5555555555555556
VSHDVAKF,1,8,0.012499999999999997,0.2,0.5
DWFKAFYDKVAEKDLYDKLWSDLYDKL,1,27,-0.07407407407407407,-0.8111111111111109,0.48148148148148145
GFFO,0,4,0.0,1.2999999999999998,0.0
KRVMRGK,1,7,0.5714285714285714,-1.5857142857142859,0.5714285714285714
GIGAVLKVLTTV,0,12,0.08333333333333333,1.7000000000000002,0.25
MNMQLLTSK,0,9,0.1111111111111111,-0.11111111111111116,0.5555555555555556
VSHDVAKF,1,8,0.012499999999999997,0.2,0.5
DWFKAFYDKVAEKDLYDKLWSDLYDKL,1,27,-0.07407407407407407,-0.8111111111111109,0.48148148148148145
GFFO,0,4,0.0,1.2999999999999998,0.0
KRVMRGK,1,7,0.5714285714285714,-1.5857142857142859,0.5714285714285714
GIGAVLKVLTTV,0,12,0.08333333333333333,1.7000000000000002,0.25
MNMQLLTSK,0,9,0.1111111111111111,-0.11111111111111116,0.5555555555555556
VSHDVAKF,1,8,0.012499999999999997,0.2,0.5
DWFKAFYDKVAEKDLYDKLWSDLYDKL,1,27,-0.07407407407407407,-0.8111111111111109,0.48148148148148145
GFFO,0,4,0.0,1.2999999999999998,0.0
KRVMRGK,1,7,0.5714285714285714,-1.5857142857142859,0.5714285714285714
GIGAVLKVLTTV,0,12,0.08333333333333333,1.7000000000000002,0.25
MNMQLLTSK,0,9,0.1111111111111111,-0.11111111111111116,0.5555555555555556
VSHDVAKF,1,8,0.012499999999999997,0.2,0.5
DWFKAFYDKVAEKDLYDKLWSDLYDKL,1,27,-0.07407407407407407,-0.8111111111111109,0.48148148148148145
GFFO,0,4,0.0,1.2999999999999998,0.0
KRVMRGK,1,7,0.5714285714285714,-1.5857142857142859,0.5714285714285714
GIGAVLKVLTTV,0,12,0.08333333333333333,1.7000000000000002,0.25
MNMQLLTSK,0,9,0.1111111111111111,-0.11111111111111116,0.5555555555555556
VSHDVAKF,1,8,0.012499999999999997,0.2,0.5
DWFKAFYDKVAEKDLYDKLWSDLYDKL,1,27,-0.07407407407407407,-0.8111111111111109,0.48148148148148145
GFFO,0,4,0.0,1.2999999999999998,0.0
KRVMRGK,1,7,0.5714285714285714,-1.5857142857142859,0.5714285714285714
GIGAVLKVLTTV,0,12,0.08333333333333333,1.7000000000000002,0.25
MNMQLLTSK,0,9,0.1111111111111111,-0.11111111111111116,0.5555555555555556
VSHDVAKF,1,8,0.012499999999999997,0.2,0.5
DWFKAFYDKVAEKDLYDKLWSDLYDKL,1,27,-0.07407407407407407,-0.8111111111111109,0.48148148148148145
GFFO,0,4,0.0,1.2999999999999998,0.0
KRVMRGK,1,7,0.5714285714285714,-1.5857142857142859,0.5714285714285714
GIGAVLKVLTTV,0,12,0.08333333333333333,1.7000000000000002,0.25
MNMQLLTSK,0,9,0.1111111111111111,-0.11111111111111116,0.5555555555555556
VSHDVAKF,1,8,0.012499999999999997,0.2,0.5
DWFKAFYDKVAEKDLYDKLWSDLYDKL,1,27,-0.07407407407407407,-0.8111111111111109,0.48148148148148145
GFFO,0,4,0.0,1.2999999999999998,0.0
KRVMRGK,1,7,0.5714285714285714,-1.5857142857142859,0.5714285714285714
GIGAVLKVLTTV,0,12,0.08333333333333333,1.7000000000000002,0.25
MNMQLLTSK,0,9,0.1111111111111111,-0.11111111111111116,0.5555555555555556
VSHDVAKF,1,8,0.012499999999999997,0.2,0.5
DWFKAFYDKVAEKDLYDKLWSDLYDKL,1,27,-0.07407407407407407,-0.8111111111111109,0.48148148148148145
GFFO,0,4,0.0,1.2999999999999998,0.0
KRVMRGK,1,7,0.5714285714285714,-1.5857142857142859,0.5714285714285714
GIGAVLKVLTTV,0,12,0.08333333333333333,1.7000000000000002,0.25
MNMQLLTSK,0,9,0.1111111111111111,-0.11111111111111116,0.5555555555555556
VSHDVAKF,1,8,0.012499999999999997,0.2,0.5
DWFKAFYDKVAEKDLYDKLWSDLYDKL,1,27,-0.07407407407407407,-0.8111111111111109,0.48148148148148145
GFFO,0,4,0.0,1.2999999999999998,0.0
KRVMRGK,1,7,0.5714285714285714,-1.5857142857142859,0.5714285714285714
GIGAVLKVLTTV,0,12,0.08333333333333333,1.7000000000000002,0.25
MNMQLLTSK,0,9,0.1111111111111111,-0.11111111111111116,0.5555555555555556
VSHDVAKF,1,8,0.012499999999999997,0.2,0.5
DWFKAFYDKVAEKDLYDKLWSDLYDKL,1,27,-0.07407407407407407,-0.8111111111111109,0.48148148148148145
GFFO,0,4,0.0,1.2999999999999998,0.0
KRVMRGK,1,7,0.5714285714285714,-1.5857142857142859,0.5714285714285714
GIGAVLKVLTTV,0,12,0.08333333333333333,1.7000000000000002,0.25
MNMQLLTSK,0,9,0.1111111111111111,-0.11111111111111116,0.5555555555555556
VSHDVAKF,1,8,0.012499999999999997,0.2,0.5
DWFKAFYDKVAEKDLYDKLWSDLYDKL,1,27,-0.07407407407407407,-0.8111111111111109,0.48148148148148145
GFFO,0,4,0.0,1.2999999999999998,0.0
KRVMRGK,1,7,0.5714285714285714,-1.5857142857142859,0.5714285714285714
GIGAVLKVLTTV,0,12,0.08333333333333333,1.7000000000000002,0.25
MNMQLLTSK,0,9,0.1111111111111111,-0.11111111111111116,0.5555555555555556
VSHDVAKF,1,8,0.012499999999999997,0.2,0.5
DWFKAFYDKVAEKDLYDKLWSDLYDKL,1,27,-0.07407407407407407,-0.8111111111111109,0.48148148148148145
GFFO,0,4,0.0,1.2999999999999998,0.0
KRVMRGK,1,7,0.5714285714285714,-1.5857142857142859,0.5714285714285714
GIGAVLKVLTTV,0,12,0.08333333333333333,1.7000000000000002,0.25
MNMQLLTSK,0,9,0.1111111111111111,-0.11111111111111116,0.5555555555555556
VSHDVAKF,1,8,0.012499999999999997,0.2,0.5
DWFKAFYDKVAEKDLYDKLWSDLYDKL,1,27,-0.07407407407407407,-0.8111111111111109,0.48148148148148145
GFFO,0,4,0.0,1.2999999999999998,0.0
KRVMRGK,1,7,0.5714285714285714,-1.5857142857142859,0.5714285714285714
GIGAVLKVLTTV,0,12,0.08333333333333333,1.7000000000000002,0.25
MNMQLLTSK,0,9,0.1111111111111111,-0.11111111111111116,0.5555555555555556
VSHDVAKF,1,8,0.012499999999999997,0.2,0.5
DWFKAFYDKVAEKDLYDKLWSDLYDKL,1,27,-0.07407407407407407,-0.8111111111111109,0.48148148148148145
GFFO,0,4,0.0,1.2999999999999998,0.0
KRVMRGK,1,7,0.5714285714285714,-1.5857142857142859,0.5714285714285714
GIGAVLKVLTTV,0,12,0.08333333333333333,1.7000000000000002,0.25
MNMQLLTSK,0,9,0.1111111111111111,-0.11111111111111116,0.5555555555555556
VSHDVAKF,1,8,0.012499999999999997,0.2,0.5
DWFKAFYDKVAEKDLYDKLWSDLYDKL,1,27,-0.07407407407407407,-0.8111111111111109,0.48148148148148145
GFFO,0,4,0.0,1.2999999999999998,0.0
KRVMRGK,1,7,0.5714285714285714,-1.5857142857142859,0.5714285714285714
GIGAVLKVLTTV,0,12,0.08333333333333333,1.7000000000000002,0.25
MNMQLLTSK,0,9,0.1111111111111111,-0.11111111111111116,0.5555555555555556
VSHDVAKF,1,8,0.012499999999999997,0.2,0.5
DWFKAFYDKVAEKDLYDKLWSDLYDKL,1,27,-0.07407407407407407,-0.8111111111111109,0.48148148148148145
GFFO,0,4,0.0,1.2999999999999998,0.0
KRVMRGK,1,7,0.5714285714285714,-1.5857142857142859,0.5714285714285714
GIGAVLKVLTTV,0,12,0.08333333333333333,1.7000000000000002,0.25
MNMQLLTSK,0,9,0.1111111111111111,-0.11111111111111116,0.5555555555555556
VSHDVAKF,1,8,0.012499999999999997,0.2,0.5
DWFKAFYDKVAEKDLYDKLWSDLYDKL,1,27,-0.07407407407407407,-0.8111111111111109,0.48148148148148145
GFFO,0,4,0.0,1.2999999999999998,0.0
KRVMRGK,1,7,0.5714285714285714,-1.5857142857142859,0.5714285714285714
GIGAVLKVLTTV,0,12,0.08333333333333333,1.7000000000000002,0.25
MNMQLLTSK,0,9,0.1111111111111111,-0.11111111111111116,0.5555555555555556
VSHDVAKF,1,8,0.012499999999999997,0.2,0.5
DWFKAFYDKVAEKDLYDKLWSDLYDKL,1,27,-0.07407407407407407,-0.8111111111111109,0.48148148148148145
GFFO,0,4,0.0,1.2999999999999998,0.0
KRVMRGK,1,7,0.5714285714285714,-1.5857142857142859,0.5714285714285714
GIGAVLKVLTTV,0,12,0.08333333333333333,1.7000000000000002,0.25
MNMQLLTSK,0,9,0.1111111111111111,-0.11111111111111116,0.5555555555555556
VSHDVAKF,1,8,0.012499999999999997,0.2,0.5
DWFKAFYDKVAEKDLYDKLWSDLYDKL,1,27,-0.07407407407407407,-0.8111111111111109,0.48148148148148145
GFFO,0,4,0.0,1.2999999999999998,0.0
KRVMRGK,1,7,0.5714285714285714,-1.5857142857142859,0.5714285714285714
GIGAVLKVLTTV,0,12,0.08333333333333333,1.7000000000000002,0.25
MNMQLLTSK,0,9,0.1111111111111111,-0.11111111111111116,0.5555555555555556
VSHDVAKF,1,8,0.012499999999999997,0.2,0.5
DWFKAFYDKVAEKDLYDKLWSDLYDKL,1,27,-0.07407407407407407,-0.8111111111111109,0.48148148148148145
GFFO,0,4,0.0,1.2999999999999998,0.0
KRVMRGK,1,7,0.5714285714285714,-1.5857142857142859,0.5714285714285714
GIGAVLKVLTTV,0,12,0.08333333333333333,1.7000000000000002,0.25
MNMQLLTSK,0,9,0.1111111111111111,-0.11111111111111116,0.5555555555555556
VSHDVAKF,1,8,0.012499999999999997,0.2,0.5
DWFKAFYDKVAEKDLYDKLWSDLYDKL,1,27,-0.07407407407407407,-0.8111111111111109,0.48148148148148145
GFFO,0,4,0.0,1.2999999999999998,0.0
KRVMRGK,1,7,0.5714285714285714,-1.5857142857142859,0.5714285714285714
GIGAVLKVLTTV,0,12,0.08333333333333333,1.7000000000000002,0.25
MNMQLLTSK,0,9,0.1111111111111111,-0.11111111111111116,0.5555555555555556
VSHDVAKF,1,8,0.012499999999999997,0.2,0.5
DWFKAFYDKVAEKDLYDKLWSDLYDKL,1,27,-0.07407407407407407,-0.8111111111111109,0.48148148148148145
GFFO,0,4,0.0,1.2999999999999998,0.0
KRVMRGK,1,7,0.5714285714285714,-1.5857142857142859,0.5714285714285714
GIGAVLKVLTTV,0,12,0.08333333333333333,1.7000000000000002,0.25
MNMQLLTSK,0,9,0.1111111111111111,-0.11111111111111116,0.5555555555555556
VSHDVAKF,1,8,0.012499999999999997,0.2,0.5
DWFKAFYDKVAEKDLYDKLWSDLYDKL,1,27,-0.07407407407407407,-0.8111111111111109,0.48148148148148145
GFFO,0,4,0.0,1.2999999999999998,0.0
KRVMRGK,1,7,0.5714285714285714,-1.5857142857142859,0.5714285714285714
GIGAVLKVLTTV,0,12,0.08333333333333333,1.7000000000000002,0.25
MNMQLLTSK,0,9,0.1111111111111111,-0.11111111111111116,0.5555555555555556
VSHDVAKF,1,8,0.012499999999999997,0.2,0.5
DWFKAFYDKVAEKDLYDKLWSDLYDKL,1,27,-0.07407407407407407,-0.8111111111111109,0.48148148148148145
GFFO,0,4,0.0,1.2999999999999998,0.0
KRVMRGK,1,7,0.5714285714285714,-1.5857142857142859,0.5714285714285714
GIGAVLKVLTTV,0,12,0.08333333333333333,1.7000000000000002,0.25
MNMQLLTSK,0,9,0.1111111111111111,-0.11111111111111116,0.5555555555555556
VSHDVAKF,1,8,0.012499999999999997,0.2,0.5
DWFKAFYDKVAEKDLYDKLWSDLYDKL,1,27,-0.07407407407407407,-0.8111111111111109,0.48148148148148145
GFFO,0,4,0.0,1.2999999999999998,0.0
KRVMRGK,1,7,0.5714285714285714,-1.5857142857142859,0.5714285714285714
GIGAVLKVLTTV,0,12,0.08333333333333333,1.7000000000000002,0.25
MNMQLLTSK,0,9,0.1111111111111111,-0.11111111111111116,0.5555555555555556
VSHDVAKF,1,8,0.012499999999999997,0.2,0.5
DWFKAFYDKVAEKDLYDKLWSDLYDKL,1,27,-0.07407407407407407,-0.8111111111111109,0.48148148148148145
GFFO,0,4,0.0,1.2999999999999998,0.0
KRVMRGK,1,7,0.5714285714285714,-1.5857142857142859,0.5714285714285714
GIGAVLKVLTTV,0,12,0.08333333333333333,1.7000000000000002,0.25
MNMQLLTSK,0,9,0.1111111111111111,-0.11111111111111116,0.5555555555555556
VSHDVAKF,1,8,0.012499999999999997,0.2,0.5
DWFKAFYDKVAEKDLYDKLWSDLYDKL,1,27,-0.07407407407407407,-0.8111111111111109,0.48148148148148145
GFFO,0,4,0.0,1.2999999999999998,0.0
KRVMRGK,1,7,0.5714285714285714,-1.5857142857142859,0.5714285714285714
GIGAVLKVLTTV,0,12,0.08333333333333333,1.7000000000000002,0.25
MNMQLLTSK,0,9,0.1111111111111111,-0.11111111111111116,0.5555555555555556
VSHDVAKF,1,8,0.012499999999999997,0.2,0.5
DWFKAFYDKVAEKDLYDKLWSDLYDKL,1,27,-0.07407407407407407,-0.8111111111111109,0.48148148148148145
GFFO,0,4,0.0,1.2999999999999998,0.0
KRVMRGK,1,7,0.5714285714285714,-1.5857142857142859,0.5714285714285714
GIGAVLKVLTTV,0,12,0.08333333333333333,1.7000000000000002,0.25
MNMQLLTSK,0,9,0.1111111111111111,-0.11111111111111116,0.5555555555555556
VSHDVAKF,1,8,0.012499999999999997,0.2,0.5
DWFKAFYDKVAEKDLYDKLWSDLYDKL,1,27,-0.07407407407407407,-0.8111111111111109,0.48148148148148145
GFFO,0,4,0.0,1.2999999999999998,0.0
KRVMRGK,1,7,0.5714285714285714,-1.5857142857142859,0.5714285714285714
GIGAVLKVLTTV,0,12,0.08333333333333333,1.7000000000000002,0.25
MNMQLLTSK,0,9,0.1111111111111111,-0.11111111111111116,0.5555555555555556
VSHDVAKF,1,8,0.012499999999999997,0.2,0.5
DWFKAFYDKVAEKDLYDKLWSDLYDKL,1,27,-0.07407407407407407,-0.8111111111111109,0.48148148148148145
GFFO,0,4,0.0,1.2999999999999998,0.0
KRVMRGK,1,7,0.5714285714285714,-1.5857142857142859,0.5714285714285714
GIGAVLKVLTTV,0,12,0.08333333333333333,1.7000000000000002,0.25
MNMQLLTSK,0,9,0.1111111111111111,-0.11111111111111116,0.5555555555555556
VSHDVAKF,1,8,0.012499999999999997,0.2,0.5
DWFKAFYDKVAEKDLYDKLWSDLYDKL,1,27,-0.07407407407407407,-0.8111111111111109,0.48148148148148145
GFFO,0,4,0.0,1.2999999999999998,0.0
KRVMRGK,1,7,0.5714285714285714,-1.5857142857142859,0.5714285714285714
GIGAVLKVLTTV,0,12,0.08333333333333333,1.7000000000000002,0.25
MNMQLLTSK,0,9,0.1111111111111111,-0.11111111111111116,0.5555555555555556
VSHDVAKF,1,8,0.012499999999999997,0.2,0.5
DWFKAFYDKVAEKDLYDKLWSDLYDKL,1,27,-0.07407407407407407,-0.8111111111111109,0.48148148148148145
GFFO,0,4,0.0,1.2999999999999998,0.0
KRVMRGK,1,7,0.5714285714285714,-1.5857142857142859,0.5714285714285714
GIGAVLKVLTTV,0,12,0.08333333333333333,1.7000000000000002,0.25
MNMQLLTSK,0,9,0.1111111111111111,-0.11111111111111116,0.5555555555555556
VSHDVAKF,1,8,0.012499999999999997,0.2,0.5
DWFKAFYDKVAEKDLYDKLWSDLYDKL,1,27,-0.07407407407407407,-0.8111111111111109,0.48148148148148145
GFFO,0,4,0.0,1.2999999999999998,0.0
KRVMRGK,1,7,0.5714285714285714,-1.5857142857142859,0.5714285714285714
GIGAVLKVLTTV,0,12,0.08333333333333333,1.7000000000000002,0.25
MNMQLLTSK,0,9,0.1111111111111111,-0.11111111111111116,0.5555555555555556
VSHDVAKF,1,8,0.012499999999999997,0.2,0.5
DWFKAFYDKVAEKDLYDKLWSDLYDKL,1,27,-0.07407407407407407,-0.8111111111111109,0.48148148148148145
GFFO,0,4,0.0,1.2999999999999998,0.0
KRVMRGK,1,7,0.5714285714285714,-1.5857142857142859,0.5714285714285714
GIGAVLKVLTTV,0,12,0.08333333333333333,1.7000000000000002,0.25
MNMQLLTSK,0,9,0.1111111111111111,-0.11111111111111116,0.5555555555555556
VSHDVAKF,1,8,0.012499999999999997,0.2,0.5
DWFKAFYDKVAEKDLYDKLWSDLYDKL,1,27,-0.07407407407407407,-0.8111111111111109,0.48148148148148145
GFFO,0,4,0.0,1.2999999999999998,0.0
KRVMRGK,1,7,0.5714285714285714,-1.5857142857142859,0.5714285714285714
GIGAVLKVLTTV,0,12,0.08333333333333333,1.7000000000000002,0.25
MNMQLLTSK,0,9,0.1111111111111111,-0.11111111111111116,0.5555555555555556
VSHDVAKF,1,8,0.012499999999999997,0.2,0.5
DWFKAFYDKVAEKDLYDKLWSDLYDKL,1,27,-0.07407407407407407,-0.8111111111111109,0.48148148148148145
GFFO,0,4,0.0,1.2999999999999998,0.0
KRVMRGK,1,7,0.5714285714285714,-1.5857142857142859,0.5714285714285714
GIGAVLKVLTTV,0,12,0.08333333333333333,1.7000000000000002,0.25
MNMQLLTSK,0,9,0.1111111111111111,-0.11111111111111116,0.5555555555555556
VSHDVAKF,1,8,0.012499999999999997,0.2,0.5
DWFKAFYDKVAEKDLYDKLWSDLYDKL,1,27,-0.07407407407407407,-0.8111111111111109,0.48148148148148145
GFFO,0,4,0.0,1.2999999999999998,0.0
KRVMRGK,1,7,0.5714285714285714,-1.5857142857142859,0.5714285714285714
GIGAVLKVLTTV,0,12,0.08333333333333333,1.7000000000000002,0.25
MNMQLLTSK,0,9,0.1111111111111111,-0.11111111111111116,0.5555555555555556
VSHDVAKF,1,8,0.012499999999999997,0.2,0.5
DWFKAFYDKVAEKDLYDKLWSDLYDKL,1,27,-0.07407407407407407,-0.8111111111111109,0.48148148148148145
GFFO,0,4,0.0,1.2999999999999998,0.0
KRVMRGK,1,7,0.5714285714285714,-1.5857142857142859,0.5714285714285714
GIGAVLKVLTTV,0,12,0.08333333333333333,1.7000000000000002,0.25
MNMQLLTSK,0,9,0.1111111111111111,-0.11111111111111116,0.5555555555555556
VSHDVAKF,1,8,0.012499999999999997,0.2,0.5
DWFKAFYDKVAEKDLYDKLWSDLYDKL,1,27,-0.07407407407407407,-0.8111111111111109,0.48148148148148145
GFFO,0,4,0.0,1.2999999999999998,0.0
KRVMRGK,1,7,0.5714285714285714,-1.5857142857142859,0.5714285714285714
GIGAVLKVLTTV,0,12,0.08333333333333333,1.7000000000000002,0.25
MNMQLLTSK,0,9,0.1111111111111111,-0.11111111111111116,0.5555555555555556
VSHDVAKF,1,8,0.012499999999999997,0.2,0.5
DWFKAFYDKVAEKDLYDKLWSDLYDKL,1,27,-0.07407407407407407,-0.8111111111111109,0.48148148148148145
GFFO,0,4,0.0,1.2999999999999998,0.0
KRVMRGK,1,7,0.5714285714285714,-1.5857142857142859,0.5714285714285714
GIGAVLKVLTTV,0,12,0.08333333333333333,1.7000000000000002,0.25
MNMQLLTSK,0,9,0.1111111111111111,-0.11111111111111116,0.5555555555555556
VSHDVAKF,1,8,0.012499999999999997,0.2,0.5
DWFKAFYDKVAEKDLYDKLWSDLYDKL,1,27,-0.07407407407407407,-0.8111111111111109,0.48148148148148145
GFFO,0,4,0.0,1.2999999999999998,0.0
KRVMRGK,1,7,0.5714285714285714,-1.5857142857142859,0.5714285714285714
GIGAVLKVLTTV,0,12,0.08333333333333333,1.7000000000000002,0.25
MNMQLLTSK,0,9,0.1111111111111111,-0.11111111111111116,0.5555555555555556
VSHDVAKF,1,8,0.012499999999999997,0.2,0.5
DWFKAFYDKVAEKDLYDKLWSDLYDKL,1,27,-0.07407407407407407,-0.8111111111111109,0.48148148148148145
GFFO,0,4,0.0,1.2999999999999998,0.0
KRVMRGK,1,7,0.5714285714285714,-1.5857142857142859,0.5714285714285714
GIGAVLKVLTTV,0,12,0.08333333333333333,1.7000000000000002,0.25
MNMQLLTSK,0,9,0.1111111111111111,-0.11111111111111116,0.5555555555555556
VSHDVAKF,1,8,0.012499999999999997,0.2,0.5
DWFKAFYDKVAEKDLYDKLWSDLYDKL,1,27,-0.07407407407407407,-0.8111111111111109,0.48148148148148145
GFFO,0,4,0.0,1.2999999999999998,0.0
KRVMRGK,1,7,0.5714285714285714,-1.5857142857142859,0.5714285714285714
GIGAVLKVLTTV,0,12,0.08333333333333333,1.7000000000000002,0.25
MNMQLLTSK,0,9,0.1111111111111111,-0.11111111111111116,0.5555555555555556
VSHDVAKF,1,8,0.012499999999999997,0.2,0.5
DWFKAFYDKVAEKDLYDKLWSDLYDKL,1,27,-0.07407407407407407,-0.8111111111111109,0.48148148148148145
GFFO,0,4,0.0,1.2999999999999998,0.0
KRVMRGK,1,7,0.5714285714285714,-1.5857142857142859,0.5714285714285714
GIGAVLKVLTTV,0,12,0.08333333333333333,1.7000000000000002,0.25
MNMQLLTSK,0,9,0.1111111111111111,-0.11111111111111116,0.5555555555555556
VSHDVAKF,1,8,0.012499999999999997,0.2,0.5
DWFKAFYDKVAEKDLYDKLWSDLYDKL,1,27,-0.07407407407407407,-0.8111111111111109,0.48148148148148145
GFFO,0,4,0.0,1.2999999999999998,0.0
KRVMRGK,1,7,0.5714285714285714,-1.5857142857142859,0.5714285714285714
GIGAVLKVLTTV,0,12,0.08333333333333333,1.7000000000000002,0.25
MNMQLLTSK,0,9,0.1111111111111111,-0.11111111111111116,0.5555555555555556
VSHDVAKF,1,8,0.012499999999999997,0.2,0.5
DWFKAFYDKVAEKDLYDKLWSDLYDKL,1,27,-0.07407407407407407,-0.8111111111111109,0.48148148148148145
GFFO,0,4,0.0,1.2999999999999998,0.0
KRVMRGK,1,7,0.5714285714285714,-1.5857142857142859,0.5714285714285714
GIGAVLKVLTTV,0,12,0.08333333333333333,1.7000000000000002,0.25
MNMQLLTSK,0,9,0.1111111111111111,-0.11111111111111116,0.5555555555555556
VSHDVAKF,1,8,0.012499999999999997,0.2,0.5
DWFKAFYDKVAEKDLYDKLWSDLYDKL,1,27,-0.07407407407407407,-0.8111111111111109,0.48148148148148145
GFFO,0,4,0.0,1.2999999999999998,0.0
KRVMRGK,1,7,0.5714285714285714,-1.5857142857142859,0.5714285714285714
GIGAVLKVLTTV,0,12,0.08333333333333333,1.7000000000000002,0.25
MNMQLLTSK,0,9,0.1111111111111111,-0.11111111111111116,0.5555555555555556
VSHDVAKF,1,8,0.012499999999999997,0.2,0.5
DWFKAFYDKVAEKDLYDKLWSDLYDKL,1,27,-0.07407407407407407,-0.8111111111111109,0.48148148148148145
GFFO,0,4,0.0,1.2999999999999998,0.0
KRVMRGK,1,7,0.5714285714285714,-1.5857142857142859,0.5714285714285714
GIGAVLKVLTTV,0,12,0.08333333333333333,1.7000000000000002,0.25
MNMQLLTSK,0,9,0.1111111111111111,-0.11111111111111116,0.5555555555555556
VSHDVAKF,1,8,0.012499999999999997,0.2,0.5
DWFKAFYDKVAEKDLYDKLWSDLYDKL,1,27,-0.07407407407407407,-0.8111111111111109,0.48148148148148145
GFFO,0,4,0.0,1.2999999999999998,0.0
KRVMRGK,1,7,0.5714285714285714,-1.5857142857142859,0.5714285714285714
GIGAVLKVLTTV,0,12,0.08333333333333333,1.7000000000000002,0.25
MNMQLLTSK,0,9,0.1111111111111111,-0.11111111111111116,0.5555555555555556
VSHDVAKF,1,8,0.012499999999999997,0.2,0.5
DWFKAFYDKVAEKDLYDKLWSDLYDKL,1,27,-0.07407407407407407,-0.8111111111111109,0.48148148148148145
GFFO,0,4,0.0,1.2999999999999998,0.0
KRVMRGK,1,7,0.5714285714285714,-1.5857142857142859,0.5714285714285714
GIGAVLKVLTTV,0,12,0.08333333333333333,1.7000000000000002,0.25
MNMQLLTSK,0,9,0.1111111111111111,-0.11111111111111116,0.5555555555555556
VSHDVAKF,1,8,0.012499999999999997,0.2,0.5
DWFKAFYDKVAEKDLYDKLWSDLYDKL,1,27,-0.07407407407407407,-0.8111111111111109,0.48148148148148145
GFFO,0,4,0.0,1.2999999999999998,0.0
KRVMRGK,1,7,0.5714285714285714,-1.5857142857142859,0.5714285714285714
GIGAVLKVLTTV,0,12,0.08333333333333333,1.7000000000000002,0.25
MNMQLLTSK,0,9,0.1111111111111111,-0.11111111111111116,0.5555555555555556
VSHDVAKF,1,8,0.012499999999999997,0.2,0.5
DWFKAFYDKVAEKDLYDKLWSDLYDKL,1,27,-0.07407407407407407,-0.8111111111111109,0.48148148148148145
GFFO,0,4,0.0,1.2999999999999998,0.0
KRVMRGK,1,7,0.5714285714285714,-1.5857142857142859,0.5714285714285714
GIGAVLKVLTTV,0,12,0.08333333333333333,1.7000000000000002,0.25
MNMQLLTSK,0,9,0.1111111111111111,-0.11111111111111116,0.5555555555555556
VSHDVAKF,1,8,0.012499999999999997,0.2,0.5
DWFKAFYDKVAEKDLYDKLWSDLYDKL,1,27,-0.07407407407407407,-0.8111111111111109,0.48148148148148145
GFFO,0,4,0.0,1.2999999999999998,0.0
KRVMRGK,1,7,0.5714285714285714,-1.5857142857142859,0.5714285714285714
GIGAVLKVLTTV,0,12,0.08333333333333333,1.7000000000000002,0.25
MNMQLLTSK,0,9,0.1111111111111111,-0.11111111111111116,0.5555555555555556
VSHDVAKF,1,8,0.012499999999999997,0.2,0.5
DWFKAFYDKVAEKDLYDKLWSDLYDKL,1,27,-0.07407407407407407,-0.8111111111111109,0.48148148148148145
GFFO,0,4,0.0,1.2999999999999998,0.0
KRVMRGK,1,7,0.5714285714285714,-1.5857142857142859,0.5714285714285714
GIGAVLKVLTTV,0,12,0.08333333333333333,1.7000000000000002,0.25
MNMQLLTSK,0,9,0.1111111111111111,-0.11111111111111116,0.5555555555555556
VSHDVAKF,1,8,0.012499999999999997,0.2,0.5
DWFKAFYDKVAEKDLYDKLWSDLYDKL,1,27,-0.07407407407407407,-0.8111111111111109,0.48148148148148145
GFFO,0,4,0.0,1.2999999999999998,0.0
KRVMRGK,1,7,0.5714285714285714,-1.5857142857142859,0.5714285714285714
GIGAVLKVLTTV,0,12,0.08333333333333333,1.7000000000000002,0.25
MNMQLLTSK,0,9,0.1111111111111111,-0.11111111111111116,0.5555555555555556
VSHDVAKF,1,8,0.012499999999999997,0.2,0.5
DWFKAFYDKVAEKDLYDKLWSDLYDKL,1,27,-0.07407407407407407,-0.8111111111111109,0.48148148148148145
GFFO,0,4,0.0,1.2999999999999998,0.0
KRVMRGK,1,7,0.5714285714285714,-1.5857142857142859,0.5714285714285714
GIGAVLKVLTTV,0,12,0.08333333333333333,1.7000000000000002,0.25
MNMQLLTSK,0,9,0.1111111111111111,-0.11111111111111116,0.5555555555555556
VSHDVAKF,1,8,0.012499999999999997,0.2,0.5
DWFKAFYDKVAEKDLYDKLWSDLYDKL,1,27,-0.07407407407407407,-0.8111111111111109,0.48148148148148145
GFFO,0,4,0.0,1.2999999999999998,0.0
KRVMRGK,1,7,0.5714285714285714,-1.5857142857142859,0.5714285714285714
GIGAVLKVLTTV,0,12,0.08333333333333333,1.7000000000000002,0.25
MNMQLLTSK,0,9,0.1111111111111111,-0.11111111111111116,0.5555555555555556
VSHDVAKF,1,8,0.012499999999999997,0.2,0.5
DWFKAFYDKVAEKDLYDKLWSDLYDKL,1,27,-0.07407407407407407,-0.8111111111111109,0.48148148148148145
GFFO,0,4,0.0,1.2999999999999998,0.0
KRVMRGK,1,7,0.5714285714285714,-1.5857142857142859,0.5714285714285714
GIGAVLKVLTTV,0,12,0.08333333333333333,1.7000000000000002,0.25
MNMQLLTSK,0,9,0.1111111111111111,-0.11111111111111116,0.5555555555555556
VSHDVAKF,1,8,0.012499999999999997,0.2,0.5
DWFKAFYDKVAEKDLYDKLWSDLYDKL,1,27,-0.07407407407407407,-0.8111111111111109,0.48148148148148145
GFFO,0,4,0.0,1.2999999999999998,0.0
KRVMRGK,1,7,0.5714285714285714,-1.5857142857142859,0.5714285714285714
GIGAVLKVLTTV,0,12,0.08333333333333333,1.7000000000000002,0.25
MNMQLLTSK,0,9,0.1111111111111111,-0.11111111111111116,0.5555555555555556
VSHDVAKF,1,8,0.012499999999999997,0.2,0.5
DWFKAFYDKVAEKDLYDKLWSDLYDKL,1,27,-0.07407407407407407,-0.8111111111111109,0.48148148148148145
GFFO,0,4,0.0,1.2999999999999998,0.0
KRVMRGK,1,7,0.5714285714285714,-1.5857142857142859,0.5714285714285714
GIGAVLKVLTTV,0,12,0.08333333333333333,1.7000000000000002,0.25
MNMQLLTSK,0,9,0.1111111111111111,-0.11111111111111116,0.5555555555555556
VSHDVAKF,1,8,0.012499999999999997,0.2,0.5
DWFKAFYDKVAEKDLYDKLWSDLYDKL,1,27,-0.07407407407407407,-0.8111111111111109,0.48148148148148145
GFFO,0,4,0.0,1.2999999999999998,0.0
KRVMRGK,1,7,0.5714285714285714,-1.5857142857142859,0.5714285714285714
GIGAVLKVLTTV,0,12,0.08333333333333333,1.7000000000000002,0.25
MNMQLLTSK,0,9,0.1111111111111111,-0.11111111111111116,0.5555555555555556
VSHDVAKF,1,8,0.012499999999999997,0.2,0.5
DWFKAFYDKVAEKDLYDKLWSDLYDKL,1,27,-0.07407407407407407,-0.8111111111111109,0.48148148148148145
GFFO,0,4,0.0,1.2999999999999998,0.0
KRVMRGK,1,7,0.5714285714285714,-1.5857142857142859,0.5714285714285714
GIGAVLKVLTTV,0,12,0.08333333333333333,1.7000000000000002,0.25
MNMQLLTSK,0,9,0.1111111111111111,-0.11111111111111116,0.5555555555555556
VSHDVAKF,1,8,0.012499999999999997,0.2,0.5
DWFKAFYDKVAEKDLYDKLWSDLYDKL,1,27,-0.07407407407407407,-0.8111111111111109,0.48148148148148145
GFFO,0,4,0.0,1.2999999999999998,0.0
KRVMRGK,1,7,0.5714285714285714,-1.5857142857142859,0.5714285714285714
GIGAVLKVLTTV,0,12,0.08333333333333333,1.7000000000000002,0.25
MNMQLLTSK,0,9,0.1111111111111111,-0.11111111111111116,0.5555555555555556
VSHDVAKF,1,8,0.012499999999999997,0.2,0.5
DWFKAFYDKVAEKDLYDKLWSDLYDKL,1,27,-0.07407407407407407,-0.8111111111111109,0.48148148148148145
GFFO,0,4,0.0,1.2999999999999998,0.0
KRVMRGK,1,7,0.5714285714285714,-1.5857142857142859,0.5714285714285714
GIGAVLKVLTTV,0,12,0.08333333333333333,1.7000000000000002,0.25
MNMQLLTSK,0,9,0.1111111111111111,-0.11111111111111116,0.5555555555555556
VSHDVAKF,1,8,0.012499999999999997,0.2,0.5
DWFKAFYDKVAEKDLYDKLWSDLYDKL,1,27,-0.07407407407407407,-0.8111111111111109,0.48148148148148145
GFFO,0,4,0.0,1.2999999999999998,0.0
KRVMRGK,1,7,0.5714285714285714,-1.5857142857142859,0.5714285714285714
GIGAVLKVLTTV,0,12,0.08333333333333333,1.7000000000000002,0.25
MNMQLLTSK,0,9,0.1111111111111111,-0.11111111111111116,0.5555555555555556
VSHDVAKF,1,8,0.012499999999999997,0.2,0.5
DWFKAFYDKVAEKDLYDKLWSDLYDKL,1,27,-0.07407407407407407,-0.8111111111111109,0.48148148148148145
GFFO,0,4,0.0,1.2999999999999998,0.0
KRVMRGK,1,7,0.5714285714285714,-1.5857142857142859,0.5714285714285714
GIGAVLKVLTTV,0,12,0.08333333333333333,1.7000000000000002,0.25
MNMQLLTSK,0,9,0.1111111111111111,-0.11111111111111116,0.5555555555555556
VSHDVAKF,1,8,0.012499999999999997,0.2,0.5
DWFKAFYDKVAEKDLYDKLWSDLYDKL,1,27,-0.07407407407407407,-0.8111111111111109,0.48148148148148145
GFFO,0,4,0.0,1.2999999999999998,0.0
KRVMRGK,1,7,0.5714285714285714,-1.5857142857142859,0.5714285714285714
GIGAVLKVLTTV,0,12,0.08333333333333333,1.7000000000000002,0.25
MNMQLLTSK,0,9,0.1111111111111111,-0.11111111111111116,0.5555555555555556
VSHDVAKF,1,8,0.012499999999999997,0.2,0.5
