sequence,soluble,length,charge,hydrophobicity,polar_fraction
YQLFCWLLRFK,1,11,0.18181818181818182,0.49090909090909096,0.2727272727272727
MAEDMM,1,6,-0.3333333333333333,0.08333333333333333,0.3333333333333333
SQQWMYKHWCGCVR,0,14,0.15,-0.8428571428571426,0.42857142857142855
VGEYQCMFQKPTRVFREA,1,18,0.05555555555555555,-0.5944444444444444,0.4444444444444444
VMEIRPSQ,1,8,0.0,-0.4125000000000001,0.5
FSNVQNGQNDCGDMFLWTFKKDHICGC,0,27,-0.03333333333333333,-0.45555555555555566,0.48148148148148145
EDSHKMFKDKHQPKDH,1,16,0.01875000000000001,-2.5250000000000004,0.8125
CGQQINWCTYRHCNQLRN,1,18,0.11666666666666667,-1.15,0.5555555555555556
EINAMMYLCDDYNGKCAFGHDWI,1,23,-0.12608695652173912,-0.19130434782608696,0.34782608695652173
GYTTYMCEKTHTTTEEHDD,1,19,-0.19999999999999998,-1.6105263157894736,0.7368421052631579
MARLTA,1,6,0.16666666666666666,0.6833333333333332,0.3333333333333333
EALSSDGASKYRWKWYCYGDFCVF,1,24,0.0,-0.3958333333333333,0.375
VIKCSSYTEDSMHHGGKWSSKYDYLTFRA,1,29,0.041379310344827586,-0.7793103448275862,0.5517241379310345
SKVPVEK,1,7,0.14285714285714285,-0.7571428571428571,0.5714285714285714
RDRDPSYFCKTDS,1,13,0.0,-1.7923076923076924,0.6923076923076923
PAANWFEDQDHSWRKTTMPAKGH,0,23,0.008695652173913047,-1.4652173913043476,0.5652173913043478
PKDYDKVIKFPVQEIETFDGL,0,21,-0.09523809523809523,-0.5476190476190477,0.47619047619047616
IKVNCRNYDFP,0,11,0.09090909090909091,-0.7090909090909091,0.45454545454545453
WQEEWTYIAQLHDFMM,0,16,-0.18125,-0.48750000000000004,0.4375
ANYQKFYS,0,8,0.125,-1.2125000000000001,0.5
WTWHGMDDQESFND,0,14,-0.2785714285714286,-1.6571428571428573,0.6428571428571429
HKMSWHPHQTP,0,11,0.11818181818181821,-1.8818181818181818,0.6363636363636364
MSSCRDHIH,1,9,0.022222222222222223,-0.788888888888889,0.6666666666666666
IWDHNRSSETYMVKDDWLHMKDDF,0,24,-0.11666666666666665,-1.2291666666666665,0.625
NMPEWVKTFIEWGCRV,0,16,0.0,-0.20625000000000004,0.375
RRIHGKTKSRVTCHMTNKGTTYSNWTRM,0,28,0.2571428571428571,-1.3178571428571428,0.6785714285714286
MGCPYWQSHKMYRSCNICPHKLL,1,23,0.1391304347826087,-0.4782608695652174,0.391304347826087
GIMTACPNFIGVEHHA,0,16,-0.05,0.4687500000000001,0.3125
NDYTCNRRAWMCIWCKNNVY,1,20,0.1,-0.78,0.45
CDKNTDAAMNNQS,1,13,-0.07692307692307693,-1.4153846153846152,0.6923076923076923
HRKWYVQGTPQDKSL,1,15,0.14,-1.5799999999999998,0.6
FAMFRFVHGRTGDYNSNPKA,0,20,0.10500000000000001,-0.6849999999999999,0.45
QEIVNHDDV,0,9,-0.3222222222222222,-0.8666666666666667,0.6666666666666666
LTNDEGKDSATHHAKHHIIWT,1,21,-0.028571428571428564,-1.0666666666666662,0.6666666666666666
PDWNNRDTFEFCE,1,13,-0.23076923076923078,-1.5846153846153845,0.6153846153846154
VMDMHTS,1,7,-0.1285714285714286,-0.0285714285714286,0.5714285714285714
QHPELWCAEAVEVQWEYADQIWTHRIT,1,27,-0.14074074074074078,-0.6222222222222222,0.48148148148148145
HEAENLLSLWQSLSFRFRKKVWWH,1,24,0.09166666666666667,-0.6458333333333334,0.5416666666666666
ADHGMPETPNGQQL,0,14,-0.1357142857142857,-1.2785714285714285,0.5
RDFTKYQQPPENPWCKQPLQN,1,21,0.047619047619047616,-1.9285714285714288,0.5714285714285714
KWQHICTCMT,1,10,0.11000000000000001,-0.15000000000000002,0.5
RIKGNVQRQEQFFTMWIGHAYENAHDAAS,1,29,0.006896551724137937,-0.8241379310344827,0.5172413793103449
GKWFHRAEYLRQATA,0,15,0.14,-0.9599999999999999,0.4666666666666667
EQLFWNMHARWYDYTMQDPAHLRNLKDAV,1,29,-0.027586206896551717,-0.9103448275862068,0.4827586206896552
IMENFEYDH,1,9,-0.3222222222222222,-1.0333333333333334,0.5555555555555556
LQAKTHMVPLGEM,1,13,0.007692307692307699,0.04615384615384613,0.38461538461538464
FFLGH,0,5,0.02,1.1599999999999997,0.2
HHWPRNI,1,7,0.17142857142857143,-1.7714285714285711,0.5714285714285714
FCFPWADQDTDQ,1,12,-0.25,-0.9,0.5
FFWCWAAKCWFIYQQDYC,0,18,0.0,0.2388888888888888,0.2222222222222222
DHDREIHIDA,1,10,-0.27999999999999997,-1.4099999999999997,0.7
RNYQFHQRMNEWWRRLHYL,0,19,0.16842105263157894,-1.7894736842105263,0.5789473684210527
AAFQPLMNFVDQ,0,12,-0.08333333333333333,0.2916666666666667,0.3333333333333333
MMRSRHHFITGWPFG,0,15,0.14666666666666667,-0.42,0.4
DPHPRDWFQQGGIYGKYLAECVETLMW,1,27,-0.07037037037037036,-0.6222222222222219,0.37037037037037035
CYADTLVTCTYGTYFTCDNWWTNSFWVDP,0,29,-0.10344827586206896,-0.13793103448275865,0.41379310344827586
ETVAWRDFCKIIWPEDVCFDKF,1,22,-0.09090909090909091,-0.05909090909090908,0.4090909090909091
HKWDQFEKPPLSRYHPSVC,1,19,0.06315789473684212,-1.2894736842105265,0.5263157894736842
WSWRV,0,5,0.2,-0.5799999999999998,0.4
HYLIEKMYHHAGEMKYMTI,1,19,0.01578947368421053,-0.4789473684210526,0.42105263157894735
TVWTPGFENCGLPRNEHL,0,18,-0.05,-0.6055555555555555,0.4444444444444444
IRGAETHAMIAFEMNCINTPELDWR,0,25,-0.076,-0.22800000000000004,0.44
LFLRTCFKEQHDRQYWKYLTNLEGE,1,25,0.0040000000000000036,-1.0599999999999998,0.56
FTDLFICKKVHMM,0,13,0.08461538461538462,0.7076923076923075,0.38461538461538464
EMWHMTTITQ,1,10,-0.09,-0.49000000000000005,0.6
WFTHSAFVMQGNQISCTCPQ,0,20,0.005,-0.0050000000000000044,0.45
WSFVVYCKVICTP,0,13,0.07692307692307693,1.2076923076923078,0.23076923076923078
MNEKHLF,1,7,0.014285714285714287,-0.7999999999999998,0.5714285714285714
MCQTRNVDSNIMEKIENNVKCPYTMSM,0,27,0.0,-0.6000000000000001,0.5555555555555556
CYHDTKNPVRVHSD,0,14,0.0142857142857143,-1.342857142857143,0.6428571428571429
GQTRMHHLACPLNECYRFY,0,19,0.06315789473684212,-0.6368421052631578,0.42105263157894735
WNPILEGTKAHHQTGKYTIKVVTKKA,1,26,0.16153846153846155,-0.7307692307692306,0.5384615384615384
GRPHELGKGKEMIGQFHLE,1,19,0.010526315789473694,-1.0052631578947366,0.47368421052631576
AFHSVAHSNHNTVFNWKFE,1,19,0.01578947368421053,-0.5421052631578948,0.5789473684210527
NDAWSFDSGNLNIRACH,1,17,-0.052941176470588235,-0.6411764705882352,0.5294117647058824
WIILCVREPNMCENPTGTFENKSAWCIGEQ,0,30,-0.06666666666666667,-0.29666666666666675,0.43333333333333335
RYRVRTMTIDVVPQMRKYMCLDAQQW,1,26,0.11538461538461539,-0.5769230769230769,0.46153846153846156
EPERTKNGCQLYEQPYLKTMQSHYAWH,0,27,0.007407407407407408,-1.4814814814814814,0.5555555555555556
AQEKT,1,5,0.0,-1.9599999999999997,0.8
VQMSFPTFQPVYCKMK,1,16,0.125,-0.03125000000000003,0.375
PCTMYRGASEFLNTFVVPQ,0,19,0.0,0.09999999999999992,0.3684210526315789
NDAGFLWGTMPQSYD,1,15,-0.13333333333333333,-0.6533333333333334,0.4
DEDDGNDNYCEACPVQEIMTFL,1,22,-0.3181818181818182,-0.6818181818181818,0.5
GAGCGVMFFV,0,10,0.0,1.9,0.0
QCLYSRAKGIPLVMMNNWWPRNFW,1,24,0.125,-0.33749999999999997,0.3333333333333333
VWHGKIWKQD,0,10,0.11000000000000001,-1.15,0.5
YHRMYVTWGREREQERACIWW,1,21,0.05238095238095238,-1.2714285714285714,0.47619047619047616
KNVFQDKFRSIMPPEH,1,16,0.06875,-1.08125,0.5625
GQPCYECATEKHHDFMR,0,17,-0.047058823529411764,-1.2529411764705882,0.5294117647058824
LIKPSIIMGDHYFLMDYLH,1,19,-0.042105263157894736,0.46315789473684216,0.3157894736842105
HTTMQQAMYVPEGHYD,1,16,-0.1125,-1.0375,0.5
HHDTWPMIYV,0,10,-0.08,-0.3799999999999999,0.4
EVCQLVMAYNYSVIF,0,15,-0.06666666666666667,1.0666666666666667,0.26666666666666666
FAHQQ,1,5,0.02,-1.12,0.6
LIVVTFQFTMFPRDDWSPSHGEVAGDG,0,27,-0.10740740740740741,-0.01851851851851852,0.4074074074074074
GNGLREAPRAWAEVNGW,0,17,0.0,-0.8352941176470587,0.35294117647058826
CQDMC,1,5,-0.2,-0.020000000000000018,0.4
DTTKMALKFPPIEPGKFSEAMHE,1,23,-0.0391304347826087,-0.6521739130434783,0.4782608695652174
MRQLSAPVMLNLSQQRLWQ,1,19,0.10526315789473684,-0.29473684210526313,0.47368421052631576
WEPRSYPQKFSIRVETN,1,17,0.058823529411764705,-1.3588235294117648,0.5882352941176471
LCMICNCTIIRYRCDMNIQNGGQIIFSTH,1,29,0.03793103448275863,0.34137931034482755,0.41379310344827586
WRCIVWRIDVHQTKMEDTSHQKCLIGPN,1,28,0.042857142857142864,-0.6285714285714284,0.5357142857142857
EKCVKICGTLCPWRAICNPRFHDRKGFDA,1,29,0.10689655172413792,-0.40689655172413797,0.41379310344827586
NTEHMFAF,0,8,-0.1125,-0.20000000000000007,0.5
MKAEMEATKEYFMRHNQSISMTSMFY,1,26,0.0038461538461538464,-0.6230769230769233,0.5384615384615384
WFHYFMDYAVFCDSMAY,0,17,-0.11176470588235293,0.3941176470588234,0.23529411764705882
RDVNEGEGDLKYRVAKLQ,0,18,0.0,-1.2277777777777776,0.5555555555555556
YIMQTIAVN,1,9,0.0,0.8777777777777777,0.3333333333333333
IPAKSCYPGQKEEKVPYVIEDRPDPSPY,1,28,-0.03571428571428571,-1.1071428571428574,0.42857142857142855
ANEFERQRNMNPY,1,13,0.0,-2.030769230769231,0.6153846153846154
LEWWHWEIEL,0,10,-0.29,-0.43000000000000016,0.4
QGWGKGPWCSSDRRCFTHCYYRACVHYK,1,28,0.15,-0.9535714285714285,0.42857142857142855
PCHHEAQICHDNVNVHNRTKTLYREY,1,26,0.015384615384615382,-1.2423076923076921,0.6153846153846154
FKGYAIINTGTGGDESDIVFLE,1,22,-0.13636363636363635,0.10909090909090914,0.4090909090909091
FTQTNWHMDHFNFLDNWKTHYFPRLY,1,26,0.011538461538461536,-1.015384615384615,0.5384615384615384
WWLHHFIAQST,1,11,0.018181818181818184,-0.027272727272727337,0.45454545454545453
GEQVKTRRPGGV,1,12,0.16666666666666666,-1.25,0.5
MFENSELI,1,8,-0.25,0.2124999999999999,0.5
VGFPVYYMWPTK,0,12,0.08333333333333333,0.11666666666666665,0.16666666666666666
CTMGQVNFPFPCMLLNVEQYVQWMNLH,1,27,-0.03333333333333333,0.22592592592592595,0.3333333333333333
KWCMQHQFISFDMHKDRFKIELIPCEGS,0,28,0.00714285714285715,-0.48571428571428565,0.5
RIMTPPEYLSWAWHRQRYIKHAFC,1,24,0.13333333333333333,-0.6791666666666666,0.4166666666666667
PRNYTCRPKH,1,10,0.31,-2.2299999999999995,0.6
YREVWWTPWNMARWSNRTDVYTQLNDT,1,27,0.0,-1.2407407407407407,0.5555555555555556
SQQAQPLCGSHYIVKNLTNATNWW,1,24,0.04583333333333334,-0.5750000000000001,0.5
WHHYTIHRARCCVKDRAG,1,18,0.18333333333333332,-0.9166666666666665,0.5
YRMICKPISSINAMGN,0,16,0.125,0.08124999999999993,0.375
YVLRVDCAQVLYQSC,1,15,0.0,0.5733333333333331,0.3333333333333333
MPHVHKHTWWMGDVRICDTELGCTTEAPAE,1,30,-0.09000000000000001,-0.4999999999999999,0.4666666666666667
HESEIESSWCMQFAIKWTCYRPYQF,0,25,-0.036,-0.5960000000000001,0.48
YPGFTEKFMDIYKACYVLWHWLMIFG,0,26,0.0038461538461538464,0.4038461538461538,0.23076923076923078
FGQQSPFVIYAMECSKNKVLFADDF,0,25,-0.04,0.08800000000000001,0.4
LHRAPWGMLPSDNNERAHKD,1,20,0.010000000000000009,-1.45,0.55
EHKGYAVAWMLEQMMGEKMSDKYE,1,24,-0.07916666666666666,-0.9083333333333333,0.4583333333333333
VLSTHMLQKDYSEEKFQCA,1,19,-0.047368421052631574,-0.5947368421052632,0.5789473684210527
FKRQA,1,5,0.4,-1.46,0.6
KPYPRMTCGKNQVWDAEPAPRFKWP,1,25,0.12,-1.276,0.4
FPASWPWKIWGYNCPGWQYPA,0,21,0.047619047619047616,-0.5571428571428572,0.19047619047619047
FTGDYPLK,1,8,0.0,-0.6000000000000001,0.375
GRRFEGPGSTSMKLPVHS,0,18,0.11666666666666667,-0.7999999999999999,0.5
MDGGRKT,1,7,0.14285714285714285,-1.6428571428571428,0.5714285714285714
FNQFM,0,5,0.0,0.09999999999999991,0.4
QQGWYFWAYWRCRMNKME,1,18,0.1111111111111111,-1.2055555555555557,0.3888888888888889
GDFAAVTMAFWIDNTKFPKSNYTNATP,1,27,0.0,-0.3148148148148148,0.4444444444444444
LYDCTILGGHTG,0,12,-0.075,0.3333333333333332,0.3333333333333333
WCGCNLPWLNPNDFMWMFFNMSDNC,0,25,-0.08,-0.09600000000000009,0.32
FPNQTQYVV,1,9,0.0,-0.32222222222222224,0.4444444444444444
RVHWQ,1,5,0.22000000000000003,-1.58,0.6
TDMWQGCEGIEWLNIPVWGCKYAE,1,24,-0.125,-0.27916666666666673,0.3333333333333333
SFETGMK,1,7,0.0,-0.6571428571428571,0.5714285714285714
NQHTALVRKNGAMEKKMQGFLSRDCEH,1,27,0.08148148148148147,-1.0888888888888888,0.5925925925925926
DDQYWIVKL,1,9,-0.1111111111111111,-0.4555555555555556,0.4444444444444444
TTAHFESYMADRTNV,1,15,-0.05999999999999999,-0.6599999999999999,0.6
KLNRPLIWVAQIHHIHKARVGTNQYTNS,1,28,0.1535714285714286,-0.6142857142857142,0.5357142857142857
HGTNENWKI,1,9,0.011111111111111108,-1.677777777777778,0.6666666666666666
WTPMMLCRWDKNQELRW,0,17,0.058823529411764705,-1.0588235294117645,0.47058823529411764
VFWHCFH,0,7,0.028571428571428574,0.7142857142857142,0.2857142857142857
WELNQMLC,1,8,-0.125,0.07499999999999984,0.375
YGPMATWWSMMYARALDQLWV,0,21,0.0,0.12380952380952377,0.23809523809523808
PVWQQRCNKSGFYNTTTDFWAKHNQ,1,25,0.084,-1.3559999999999997,0.6
SVLKIISMEGKQKWVFTFCCKDRHDQH,1,27,0.08148148148148149,-0.514814814814815,0.5555555555555556
HGDRKEFGEPPR,1,12,0.00833333333333334,-2.316666666666667,0.5833333333333334
LKFKPNNENW,1,10,0.1,-1.77,0.6
EFTEISAEENQECKFPCCDT,1,20,-0.25,-0.8149999999999998,0.6
NWWTIIRFYYVPVPYQRNFVMPEVE,0,25,0.0,-0.17600000000000007,0.32
MTQTVATVFGAHM,0,13,0.007692307692307693,0.7230769230769231,0.38461538461538464
DLWGEMRRVQWNWTA,1,15,0.0,-1.0066666666666666,0.4666666666666667
WHTDIQLNHDMLTRQG,1,16,-0.05,-1.0687499999999999,0.625
WMHITHSCGKQSVPKMGCGNVHN,1,23,0.1,-0.5304347826086957,0.4782608695652174
SGGALD,0,6,-0.16666666666666666,0.08333333333333333,0.3333333333333333
NNEGFCRVKAMMFDRLKNTIMQIPNHA,1,27,0.07777777777777778,-0.474074074074074,0.48148148148148145
TRPIKKQATMYLRADYSQTFMIQGEH,1,26,0.08076923076923077,-0.8461538461538461,0.5384615384615384
DCYMSSLRNCRQWGLFDFNRFKGEE,1,25,0.0,-0.9439999999999997,0.52
MRFGHYVLQGTMCIINWLN,0,19,0.05789473684210527,0.42105263157894735,0.3157894736842105
RQLLDTQYAQGP,1,12,0.0,-1.0916666666666668,0.5
VHYYGLDVAEQPHAAVPIPNK,1,21,-0.038095238095238085,-0.2761904761904762,0.3333333333333333
MNLMDTSLNVLM,0,12,-0.08333333333333333,0.7749999999999999,0.4166666666666667
RKSMLHVWAVARMWETLLSE,0,20,0.05500000000000001,-4.4408920985006264e-17,0.45
NIFRQDLCTYVM,1,12,0.0,0.22499999999999998,0.4166666666666667
RHILIFEFSHKMNN,1,14,0.08571428571428573,-0.4142857142857143,0.5714285714285714
EWDCTKYYKKTCP,1,13,0.07692307692307693,-1.5538461538461539,0.5384615384615384
YYVRDVDNYYILGGHDT,1,17,-0.11176470588235293,-0.6882352941176471,0.4117647058823529
NGRHLWKMWWNCQCFHPRIYQVYNFGSW,1,28,0.1142857142857143,-0.7571428571428571,0.39285714285714285
PRQKHDKQFREIRKETYN,1,18,0.1722222222222222,-2.5388888888888888,0.7777777777777778
GAHIFCCAYKWQRMAWRQGHNVHSW,1,25,0.132,-0.5920000000000001,0.4
QRCSFTSIIEGTLITRSYQH,1,20,0.05500000000000001,-0.31500000000000006,0.6
WRTGE,1,5,0.0,-2.0,0.6
ADQCTEGGNAA,0,11,-0.18181818181818182,-0.6909090909090909,0.45454545454545453
KTTMSQNDTKQRRVTWLYKFPDPER,1,25,0.12,-1.6999999999999997,0.68
ADTFWDHSAFNSKWMSLIYRMEW,1,23,-0.03913043478260869,-0.4956521739130435,0.4782608695652174
CPKVSWWVYSFD,1,12,0.0,0.0,0.3333333333333333
LHMTADHPHDVSGWHEQCRDNYCQP,1,25,-0.10400000000000001,-1.2960000000000003,0.56
YVIGFITEAHGHVYGTTMCKIEKSEI,0,26,-0.03076923076923077,0.15384615384615388,0.4230769230769231
LCQAYGYMWYKQEEKAQIGDSAGRERDWIQ,1,30,-0.03333333333333333,-1.1133333333333333,0.4666666666666667
SRENDTNRCTGRWDIRGNPIASA,1,23,0.043478260869565216,-1.3130434782608695,0.6086956521739131
VKYQQRGWTLGIVYNFCTQYQD,1,22,0.045454545454545456,-0.6545454545454544,0.45454545454545453
LSEFLVKDL,1,9,-0.1111111111111111,0.7444444444444445,0.4444444444444444
IVAWRNPKIADPFWPITGAL,0,20,0.05,0.32999999999999996,0.25
DHGVELAFRVLHQVELNRCLR,1,21,0.009523809523809532,-0.13809523809523816,0.47619047619047616
KPAVD,0,5,0.0,-0.6,0.4
SHTIVCKNQYWKRHDRMIYNPHRPI,1,25,0.17200000000000004,-1.2400000000000002,0.56
CSDTGAWNKCGHITMSKGQHNPYQSNTFEH,1,30,0.010000000000000005,-1.1800000000000002,0.6
DTLIWPIQWREGILPCQWQFLG,1,22,-0.045454545454545456,0.03636363636363629,0.3181818181818182
WKIFQ,0,5,0.2,-0.2,0.4
EWNDESQNSTCTCNHTKCTCDT,1,22,-0.1318181818181818,-1.4136363636363636,0.7727272727272727
KQLSGDSGWMWGCPW,0,15,0.0,-0.6533333333333335,0.3333333333333333
NQKLPFVWSEFAM,1,13,0.0,-0.0307692307692309,0.38461538461538464
RQYTNVENNQYI,1,12,0.0,-1.675,0.6666666666666666
KPFRYLLLETGEQSRFGHSNCYT,1,23,0.04782608695652174,-0.8086956521739133,0.5217391304347826
MCGATSKRIHIMINLSFFFNEMI,1,23,0.04782608695652174,0.6695652173913044,0.391304347826087
STEVMWVTAQKAKDNPNRC,1,19,0.05263157894736842,-0.9526315789473685,0.5789473684210527
QQRAYHYMDFD,1,11,-0.0818181818181818,-1.6181818181818182,0.5454545454545454
AKQHPVSAPFCFNAVEFLDASYMLIK,0,26,0.0038461538461538494,0.3615384615384614,0.34615384615384615
QSNTKYL,1,7,0.14285714285714285,-1.4142857142857146,0.7142857142857143
LSKAPVTRQLKKSHIWRWLEILY,1,23,0.1782608695652174,-0.3347826086956523,0.4782608695652174
LPEHHWMVRTIYAPLLVVLMHGGIWDC,0,27,-0.02592592592592593,0.5925925925925926,0.25925925925925924
FMVQTPPVYVSDLQMFYAK,0,19,0.0,0.31052631578947354,0.3157894736842105
NNEHTAERLFMFLYFFTYYSPLCSNQSGKW,1,30,0.003333333333333336,-0.4799999999999999,0.4666666666666667
TQFQPYCMTTIWPL,0,14,0.0,0.07142857142857142,0.35714285714285715
MEYVAIYQHYK,0,11,0.009090909090909089,-0.5090909090909091,0.36363636363636365
FFFMFLPFICTRNRHRVAELPHAIFPKMS,1,29,0.11034482758620691,0.3586206896551724,0.3448275862068966
TDIIEGNSVWMFTQIQQCNTGFYVNSG,1,27,-0.07407407407407407,-0.11851851851851854,0.48148148148148145
AWCKSVSCRFNNTTHA,1,16,0.13125,-0.43124999999999997,0.5625
PRCFNAAKKNESAFFAPKIKMTHYGYCRN,0,29,0.17586206896551723,-0.7758620689655172,0.4482758620689655
VTYYNTRDDQNTFV,0,14,-0.07142857142857142,-1.1071428571428572,0.6428571428571429
PFFQNCHTSEVTCNVPVNLSTFWYQGY,1,27,-0.03333333333333333,-0.19259259259259257,0.4444444444444444
YDYGQDMKLESGQMDNPFFMDLFIW,0,25,-0.16,-0.496,0.4
TDFAVAHNWFGTKWL,1,15,0.006666666666666665,-0.033333333333333395,0.4
WEFWCTAWAEAHWYRTLRNYTGRPW,1,25,0.044000000000000004,-0.956,0.4
PFDIVSF,0,7,-0.14285714285714285,1.2,0.2857142857142857
FSVRAMGQSMPNEKIG,0,16,0.0625,-0.36250000000000004,0.4375
IWKHKSTQKMGM,1,12,0.25833333333333336,-1.075,0.5833333333333334
VYMRSS,1,6,0.16666666666666666,-0.21666666666666656,0.5
EKYTYDYAQPYQPHATLSMQRVKFKFVIY,1,29,0.07241379310344828,-0.7241379310344829,0.4482758620689655
LHNHNAHGSEDFWLMMCNFGCQEYMDF,0,27,-0.13703703703703704,-0.47777777777777775,0.4444444444444444
DIIQT,1,5,-0.2,0.26,0.6
NSFQTTN,1,7,0.0,-1.4142857142857144,0.8571428571428571
SPNAKPPQFQNTKAHTEQHYA,1,21,0.05714285714285715,-1.6809523809523808,0.6190476190476191
VRTPPNCMQWLQMKTKWYRKSM,0,22,0.22727272727272727,-1.0681818181818181,0.5
CLVDKRNAPHSQQRFSSRNNE,1,21,0.1,-1.619047619047619,0.7142857142857143
FQLGCNEFCMWCISKIAVVHCELNHA,0,26,-0.03076923076923077,0.6230769230769231,0.34615384615384615
MRAIVQFGHIYASKILLT,0,18,0.11666666666666667,0.8500000000000001,0.3333333333333333
TGWHAKDY,1,8,0.012500000000000011,-1.5125000000000002,0.5
LNIKGMPDVTGGIWQHQYENSQIPIPG,1,27,-0.03333333333333333,-0.5111111111111112,0.4074074074074074
YSEIKLL,0,7,0.0,0.3714285714285714,0.42857142857142855
NCTEMIVLSTWVKSAMLQQSIMNRCE,1,26,0.0,0.13076923076923064,0.5
FCQPFMNLTTRFHSRQMHS,1,19,0.11578947368421054,-0.6315789473684212,0.5789473684210527
NYHKQRQPYWN,1,11,0.19090909090909092,-2.790909090909091,0.6363636363636364
YYARESVHR,1,9,0.12222222222222223,-1.4555555555555557,0.5555555555555556
ENLRYYQRGCWWAAYQQYGRVVH,1,23,0.09130434782608696,-1.0304347826086955,0.391304347826087
HRMENIGICRWIKWE,1,15,0.07333333333333333,-0.7266666666666668,0.4666666666666667
EETSSPCLDLRCQV,1,14,-0.14285714285714285,-0.4,0.5714285714285714
DLDQICEIRMWLFVLLNKMKI,0,21,0.0,0.5380952380952381,0.38095238095238093
ETSEYAIIFDNGIQHSNYVLGSEEMF,1,26,-0.18846153846153849,-0.26538461538461544,0.5
GIESYCEDWREPEQMHYCIPPHVPEMARNR,0,30,-0.09333333333333332,-1.1733333333333333,0.4666666666666667
RDNRYVAKNSHRFWPCPAMS,0,20,0.155,-1.1550000000000002,0.5
PCPQMTGQMEHNYFPQLDKTWPFNYKH,1,27,0.007407407407407411,-1.285185185185185,0.48148148148148145
ENHFDYMLCQ,0,10,-0.19,-0.7499999999999999,0.5
SKYPKDQDTEYAFSW,1,15,-0.06666666666666667,-1.64,0.6
HMMYNYG,0,7,0.014285714285714287,-0.8428571428571429,0.2857142857142857
WANLNNYQNLWFYFISWLNGYWS,1,23,0.0,-0.3130434782608697,0.34782608695652173
QPLILAELWAPYATID,0,16,-0.125,0.5750000000000002,0.25
YQCLCRMAPMLW,0,12,0.08333333333333333,0.5333333333333333,0.16666666666666666
SNYRLTCPLGNVLQWDRP,1,18,0.05555555555555555,-0.6777777777777777,0.4444444444444444
KSPYNQPWAIQYAICTVTGII,1,21,0.047619047619047616,0.219047619047619,0.3333333333333333
VAYDDMERTRLRDCVGKFWR,1,20,0.05,-0.9,0.5
PVSKQRHTCSPSCGR,1,15,0.20666666666666667,-1.1400000000000001,0.6
LEMMRVCDNAAMFWHVHIDIHMCGMD,1,26,-0.10384615384615385,0.3538461538461538,0.34615384615384615
QEYCMVKCLVMAHDMLRVRTEEMAI,0,25,-0.036,0.21199999999999988,0.4
SPCWTGNHHIICQCQKWIQKAMQANWKFF,0,29,0.11034482758620691,-0.4551724137931034,0.4482758620689655
QRWKNFSNKSGPNCQCAEGTHMDI,0,24,0.04583333333333334,-1.2333333333333334,0.5833333333333334
FTVMTPSPGRLAQHLVNL,1,18,0.061111111111111116,0.32222222222222213,0.3888888888888889
WQGFYDRPESKFASSCNNHYVQ,1,22,0.004545454545454546,-1.2,0.5454545454545454
NVQMQNVQLWKCPP,0,14,0.07142857142857142,-0.6357142857142858,0.42857142857142855
GDWLWVMDWYTHKEKF,1,16,-0.056249999999999994,-0.8687499999999999,0.4375
SSKNPFMFGDAWLLNLV,1,17,0.0,0.3529411764705882,0.35294117647058826
CNMVW,0,5,0.0,0.8399999999999999,0.2
ICVSYAGNFSNNTYHTGEVGALA,1,23,-0.0391304347826087,0.14782608695652152,0.391304347826087
PEFKKDWVTYNKDRN,1,15,0.06666666666666667,-2.08,0.6666666666666666
ESEWWSWGDIWDESM,1,15,-0.3333333333333333,-1.166666666666667,0.5333333333333333
ENAAGSLCIIYVYGQRFGNGRT,1,22,0.045454545454545456,-0.12727272727272743,0.36363636363636365
YHHYQVQ,1,7,0.028571428571428574,-1.6857142857142857,0.5714285714285714
RINIGFKSPGLKHINRN,1,17,0.24117647058823527,-0.8,0.5294117647058824
GYCECFCPWHVYMT,0,14,-0.0642857142857143,0.24999999999999994,0.21428571428571427
NCIAKKVLYHWWQSGRQMKPTWARCWTSQ,1,29,0.17586206896551723,-0.8551724137931034,0.4827586206896552
FVSYWITNNCIERAVATPLWEKL,0,23,0.0,0.1999999999999999,0.391304347826087
WSCFWYSCGNDFRKKNFC,0,18,0.1111111111111111,-0.6666666666666666,0.4444444444444444
ACMGLIDVRHGTKSHSKYQK,1,20,0.16,-0.7650000000000001,0.55
TYVVPVQQAQVRFQKQNGEF,1,20,0.05,-0.635,0.5
TNDEQMPEVCAPFETHPYKHSVTL,1,24,-0.11666666666666665,-0.7958333333333333,0.5416666666666666
ERCEATCHHYSWGHFGHIEGLREAPDVCDD,0,30,-0.15333333333333332,-0.88,0.5
RVLDIGRA,1,8,0.125,0.17499999999999996,0.375
VITNVN,0,6,0.0,0.8666666666666666,0.5
CITQVWERKCVICFA,1,15,0.06666666666666667,0.8333333333333334,0.3333333333333333
RPTYV,1,5,0.2,-0.7799999999999999,0.4
PGQMIWWAYAFDTTQCWKLYWGIED,0,25,-0.08,-0.31200000000000006,0.32
VTAPQPKWMEKVDYAHDWDS,1,20,-0.095,-1.1199999999999999,0.5
FSDRILTCMCMQEPNRPPSCWEIVTH,0,26,-0.03461538461538462,-0.28076923076923077,0.46153846153846156
GYDQAWVANDNCQMDQRNHEDSASPK,1,26,-0.11153846153846153,-1.6115384615384611,0.6153846153846154
EDGGCKVLCGDPYACICERTDIWQIWM,0,27,-0.1111111111111111,-0.029629629629629655,0.3333333333333333
QTPVERVCNQDLI,1,13,-0.07692307692307693,-0.3923076923076924,0.5384615384615384
LAGNFPDTHEGRTTVSFLVI,1,20,-0.045,0.2200000000000001,0.45
ISYHNVTGPTRVYQLMGNQQHW,1,22,0.05454545454545456,-0.8136363636363636,0.5
PTVKEDIWTMDMTKLTKFYRCPPRSDTISS,1,30,0.03333333333333333,-0.7166666666666668,0.5666666666666667
ASYSCGPLPCD,0,11,-0.09090909090909091,0.054545454545454515,0.2727272727272727
YKYRLEPMTMMDNPEMS,1,17,-0.058823529411764705,-1.076470588235294,0.47058823529411764
IGQNTS,1,6,0.0,-0.7333333333333334,0.6666666666666666
YPKMFERPSWEMPANRVMYWFCSW,1,24,0.041666666666666664,-0.6375000000000001,0.3333333333333333
LHSCHLQKHHGQKATFLAFIKPPIM,1,25,0.136,-0.10399999999999979,0.44
PEGITTKWDMCRINEIRVHWEMTIEAF,1,27,-0.07037037037037036,-0.3666666666666665,0.48148148148148145
MGEFLRIYSFRIMPS,1,15,0.06666666666666667,0.32,0.3333333333333333
MVCYCGDAAMMIATWVAWIFACDVY,0,25,-0.08,1.3640000000000003,0.12
IIPYIILEYFCFDEVQDHEY,1,20,-0.24500000000000002,0.22000000000000014,0.35
VPFMIYTLERDQNFRIWVHWSD,1,22,-0.04090909090909091,-0.3272727272727272,0.45454545454545453
FVSHNW,1,6,0.016666666666666666,-0.2333333333333333,0.5
FMELMVNHMEHCMSFGQHNHLIYNGPVQIC,0,30,-0.05333333333333332,0.04666666666666653,0.4
QSRADRL,1,7,0.14285714285714285,-1.5999999999999999,0.7142857142857143
SNNTCFNSR,1,9,0.1111111111111111,-1.3333333333333333,0.7777777777777778
IMMHSDGMHYKHEPENCINSPLIAR,0,25,-0.028000000000000008,-0.588,0.48
GFHWILQAQHW,1,11,0.018181818181818184,-0.2454545454545455,0.36363636363636365
MRVSFRMERHKGVL,0,14,0.22142857142857145,-0.46428571428571436,0.5
EGPRGNVQISMYHEIDCTSKPICTARTGR,1,29,0.03793103448275863,-0.7275862068965516,0.5172413793103449
TFQQFS,1,6,0.0,-0.4833333333333334,0.6666666666666666
TSQNQR,0,6,0.16666666666666666,-2.75,1.0
RKTVVTMRMYQSHQTV,1,16,0.19375,-0.6812499999999999,0.625
NVPRRYYWNMCMREEHIIGNCHI,1,23,0.05217391304347827,-0.7130434782608696,0.43478260869565216
FDTCPTGTHYFALWRVDNPDLTR,1,23,-0.03913043478260869,-0.5695652173913043,0.4782608695652174
ADCSPYYAHVQAWD,0,14,-0.1357142857142857,-0.5357142857142858,0.35714285714285715
IKGFKNA,1,7,0.2857142857142857,-0.3714285714285715,0.42857142857142855
YMNESAWNTGTEWWCIIYGTQERW,0,24,-0.08333333333333333,-0.8416666666666665,0.4583333333333333
VCTCRFNRAHM,0,11,0.19090909090909092,-0.0636363636363637,0.45454545454545453
RWPHVIWMVTLKT,0,13,0.16153846153846155,0.16923076923076932,0.38461538461538464
QKWNMYDTNDIQC,1,13,-0.07692307692307693,-1.4538461538461538,0.6153846153846154
SPVCTVMFECRVAGGPFWKVHP,0,22,0.05,0.36363636363636354,0.2727272727272727
CYMELPSY,0,8,-0.125,-0.03750000000000009,0.25
RQDCMIHMVIAMCVEIQMTRCGWCEAV,1,27,-0.03333333333333333,0.5777777777777778,0.3333333333333333
WEMQPAVHVKKIWKMSTCNERICTYAWHIG,1,30,0.07333333333333333,-0.35000000000000003,0.43333333333333335
ARKKRHFSKMFNRPPNATRFTKT,1,23,0.3521739130434782,-1.565217391304348,0.6521739130434783
NYEYLQLKKMHYCCNGNMNIDFSNKKHLC,1,29,0.07586206896551725,-0.8655172413793104,0.5172413793103449
IYEKFLNCNEAGYE,1,14,-0.14285714285714285,-0.6428571428571429,0.42857142857142855
MCCTNLAPAAEYQTFHTYDVQHCVAHWIQ,1,29,-0.058620689655172406,-0.058620689655172344,0.41379310344827586
MVDSAKEENGSHCNYNCIQA,1,20,-0.095,-0.7850000000000001,0.55
QSWGWC,0,6,0.0,-0.6666666666666669,0.3333333333333333
YLDALDC,0,7,-0.2857142857142857,0.5142857142857142,0.2857142857142857
ERLQVDKKCDLAYKWEVM,1,18,0.0,-0.7611111111111112,0.5
HGEEAIVMRTQAST,0,14,-0.06428571428571428,-0.47142857142857136,0.5714285714285714
PNAMFHQSD,1,9,-0.1,-1.0666666666666669,0.5555555555555556
YQNSLEA,1,7,-0.14285714285714285,-1.0000000000000002,0.5714285714285714
PLFFDCAFWY,0,10,-0.1,0.9199999999999997,0.1
VSGQISRYNHCGFSASAP,0,18,0.061111111111111116,-0.22222222222222232,0.4444444444444444
GNWTLFHICIRGPEGDIIYKAAEVEMHYC,0,29,-0.06206896551724137,-6.125368411725002e-17,0.3448275862068966
DDTDYNGQKPLMNNDIKRSFSTWQ,1,24,-0.041666666666666664,-1.583333333333333,0.6666666666666666
ELDQWRLHKNILVECGIVCCKMCTDHSQE,0,29,-0.06206896551724138,-0.3034482758620689,0.5172413793103449
RYVRNDKSRSW,1,11,0.2727272727272727,-2.1818181818181817,0.7272727272727273
LNYHRRRRYVVSGVERMCQCTSW,1,23,0.1782608695652174,-0.8304347826086957,0.5217391304347826
THEYSPPDKCQWYEWGWH,0,18,-0.09999999999999999,-1.7888888888888888,0.5
MCPMKHTI,1,8,0.1375,0.17500000000000004,0.375
THNIGTDRRVGVPQA,1,15,0.07333333333333333,-0.7866666666666666,0.5333333333333333
RVVTMCSLPKWVIANIVYS,0,19,0.10526315789473684,0.9368421052631577,0.3157894736842105
NRPDYHFMEM,0,10,-0.09,-1.4499999999999997,0.5
NGIDKVMKG,1,9,0.1111111111111111,-0.5555555555555556,0.4444444444444444
PRWNCMK,0,7,0.2857142857142857,-1.4285714285714286,0.42857142857142855
EGMMQEVNPHIMI,0,13,-0.14615384615384613,-0.023076923076922995,0.38461538461538464
EHCAKNKALTIMTRE,1,15,0.07333333333333333,-0.7400000000000001,0.6
VRFYPM,0,6,0.16666666666666666,0.24999999999999997,0.16666666666666666
LFEQGWYFWHLQFWFWVICGDW,0,22,-0.08636363636363636,0.2818181818181818,0.22727272727272727
QSCMF,1,5,0.0,0.58,0.4
HTHQNDLDLVVSNCDSDTAETAPVA,1,25,-0.192,-0.4640000000000001,0.6
GFITAPACMKPWSCFVNGIGQY,0,22,0.045454545454545456,0.4681818181818182,0.22727272727272727
EWEKAKIASTWKVCGYM,0,17,0.058823529411764705,-0.4117647058823529,0.4117647058823529
RHDVMNGEHNSSKRL,1,15,0.08000000000000002,-1.6933333333333331,0.7333333333333333
KSQIGLSITWEEAWFKPS,1,18,0.0,-0.43333333333333335,0.5
VGADIAM,0,7,-0.14285714285714285,1.4714285714285715,0.14285714285714285
TFYKMCMEPHGLHKTED,1,17,-0.047058823529411764,-0.9705882352941176,0.5294117647058824
HWLEFGKECHHYNYAYVE,0,18,-0.09444444444444446,-0.9777777777777779,0.4444444444444444
AGKDDWHNWMSWKMHECNQKYHFDFVYSVY,1,30,-0.023333333333333334,-1.0766666666666667,0.5
ICPSQMGFVVNVQRTHS,0,17,0.06470588235294118,0.10588235294117644,0.47058823529411764
VTVCRHSKVPQTDTLTPYWCNVPDCFVG,1,28,0.003571428571428575,-0.053571428571428555,0.42857142857142855
TWAKHEYRIILSTSCSKSFMKTVLRS,1,26,0.1576923076923077,-0.22692307692307703,0.5769230769230769
AYEGAKYACDDHA,0,13,-0.14615384615384613,-0.8384615384615384,0.38461538461538464
QNPCPITPFRSNYVPVHGK,0,19,0.1105263157894737,-0.7105263157894738,0.42105263157894735
IWKLLTSCRWMQLHHQVLMEYQYR,0,24,0.09166666666666667,-0.375,0.4583333333333333
WLEFLHVVPI,0,10,-0.09,1.41,0.2
LMMKCPL,1,7,0.14285714285714285,1.1999999999999997,0.14285714285714285
ILQWSYMVNHRPFGWKHVDFWTTLE,0,25,0.008000000000000007,-0.36,0.44
KMRMNEEQTCPMTPAWAV,1,18,0.0,-0.6611111111111112,0.4444444444444444
AEFQQLDVMMLFCELIKYIVPVFINFRR,0,28,0.0,0.7142857142857143,0.32142857142857145
EFCQHECFCCPVARIVMSCAH,1,21,-0.03809523809523809,0.6047619047619047,0.3333333333333333
IYWSLFKCCPEIWGSWVGS,0,19,0.0,0.45263157894736833,0.2631578947368421
YPMWCQSFIRWWQPDSIWKHGVLSEMALF,0,29,0.0034482758620689685,-0.06896551724137931,0.3448275862068966
GQEDIE,0,6,-0.5,-1.6500000000000001,0.6666666666666666
HDQAMFNWDLYD,1,12,-0.24166666666666667,-1.0499999999999998,0.5
TFIEGKVCQ,1,9,0.0,0.2222222222222222,0.4444444444444444
VKPEPLSFCLKTPAFHFEQMTDQP,0,24,-0.0375,-0.44583333333333336,0.4583333333333333
GDTNHIAWNDYQPFIGTGKL,1,20,-0.045,-0.68,0.45
TTLRCPCFDRMKNYALRYSCLDCMCCISF,0,29,0.06896551724137931,0.2413793103448275,0.3793103448275862
NNRMTE,1,6,0.0,-2.3,0.8333333333333334
QFQDYIMHGFSPNNHSLHNLWK,1,22,0.013636363636363634,-0.9409090909090907,0.5454545454545454
AKNCHVFTYDP,1,11,0.0090909090909091,-0.5818181818181819,0.45454545454545453
SPSFITVYSTSWFAAG,0,16,0.0,0.56875,0.375
MTQGCISMCVQAMLYK,1,16,0.0625,0.68125,0.3125
HVSFYLIMAYHGSPFYWPCHVELFDMEV,0,28,-0.09642857142857143,0.39642857142857146,0.2857142857142857
PCKAYETMMTIKYVNMTRILA,0,21,0.09523809523809523,0.15238095238095234,0.38095238095238093
QERHTFFMFWKVW,1,13,0.08461538461538462,-0.5076923076923074,0.46153846153846156
ASFSVYSLCTTMNICPDTR,1,19,0.0,0.2684210526315791,0.47368421052631576
CITCDCLGMKRRNWIHCSDMECLN,0,24,0.00416666666666667,-0.1458333333333333,0.4583333333333333
QLECRLESCNH,0,11,-0.08181818181818182,-0.9,0.6363636363636364
WCAFNHEGLACCWALL,0,16,-0.05625,0.91875,0.1875
RATHCGDDWAVILDDNHYDYKVG,0,23,-0.1217391304347826,-0.782608695652174,0.4782608695652174
PRHTEHRRAYNHCYDPRTPSP,0,21,0.10952380952380954,-2.1428571428571432,0.6190476190476191
FKWDEQIVPTNDHNPKQWTKSPMM,0,24,0.00416666666666667,-1.3708333333333333,0.5833333333333334
FTYLEIILARMLNHADAVGQF,0,21,-0.04285714285714286,0.638095238095238,0.3333333333333333
AAKIDPRMALMIVCCLRYDN,0,20,0.05,0.43499999999999994,0.3
GGIEAQKLAKLQNYIAQVVCQVVYGEFYEL,1,30,-0.03333333333333333,0.23333333333333325,0.3333333333333333
IHLDEDWEYR,1,10,-0.29,-1.56,0.6
YVDDPRHLNSNESAPDTLWKLHTCIL,1,26,-0.06923076923076922,-0.6153846153846151,0.5384615384615384
IPMQIIWDIETCCY,0,14,-0.14285714285714285,0.7071428571428571,0.2857142857142857
EPTDGYWRFNRGGVMILCGAWSQCSH,1,26,0.0038461538461538464,-0.4153846153846154,0.38461538461538464
HCWHTFDEQYVLIRHRNNVESDW,1,23,-0.07391304347826087,-1.1173913043478263,0.6086956521739131
CIDIGQQ,0,7,-0.14285714285714285,0.08571428571428566,0.42857142857142855
GGCMGAEGT,0,9,-0.1111111111111111,0.04444444444444446,0.2222222222222222
HEGPRRQFRS,1,10,0.21000000000000002,-2.37,0.7
SMSWFAIH,1,8,0.0125,0.6625,0.375
IICVDCDQRYIGEPSDECIYDN,1,22,-0.22727272727272727,-0.3727272727272728,0.45454545454545453
QTSNLTTENPLIKTQGIFNV,1,20,0.0,-0.3450000000000001,0.6
LYSGEHDRRKGMIELIAVEEI,1,21,-0.09047619047619047,-0.357142857142857,0.47619047619047616
FSVNQ,1,5,0.0,-0.15999999999999998,0.6
IPHVWQALLYYV,0,12,0.008333333333333333,0.875,0.16666666666666666
EGPWIRAPRQSCTW,0,14,0.07142857142857142,-1.0071428571428573,0.42857142857142855
ALSFLCWIGRQNEESGNKGNE,1,21,-0.047619047619047616,-0.8285714285714285,0.5238095238095238
SEAFHGDGIRKIQ,0,13,0.007692307692307699,-0.776923076923077,0.5384615384615384
MNTSKELGKV,1,10,0.1,-0.6799999999999999,0.6
ETFIVWFFKKMTRTPWGM,0,18,0.1111111111111111,-0.04444444444444448,0.3888888888888889
YKQPLYFRMFAQMSS,1,15,0.13333333333333333,-0.4133333333333333,0.4
YRLNGRMGNSAINCWWTNNEINGD,1,24,0.0,-0.9916666666666666,0.5
YQDTNQSSETLFYKMYSPST,1,20,-0.05,-1.185,0.65
TWDMQVPDNQCQYIP,1,15,-0.13333333333333333,-0.9333333333333332,0.4666666666666667
MLYWEYDFPGEHFSSNYQ,1,18,-0.1611111111111111,-0.9888888888888892,0.4444444444444444
APRVQGV,0,7,0.14285714285714285,0.02857142857142866,0.2857142857142857
CQDLTHCWQKQHMYHKGGCES,1,21,0.014285714285714287,-1.2476190476190474,0.5714285714285714
YTARDVWGNFNQLMPRDRWGIRY,0,23,0.08695652173913043,-1.043478260869565,0.43478260869565216
MLMVMSHYMLGVKYTPD,0,17,0.005882352941176476,0.40588235294117636,0.29411764705882354
HHGKWGVSDEPP,0,12,-0.06666666666666667,-1.566666666666667,0.5
SQQMSPQQWFEEIKTFRPIDRDTTCYQNEW,1,30,-0.06666666666666667,-1.4133333333333333,0.6333333333333333
LQIGGYDTMIHVQACTAFMPMIYQCGII,0,28,-0.03214285714285715,0.8428571428571426,0.25
HKVLQYHMRQG,1,11,0.2,-1.2363636363636363,0.5454545454545454
NFMWDSTVLVCVFACILNGCGNKKDYE,0,27,-0.037037037037037035,0.3037037037037039,0.37037037037037035
QANDYWD,1,7,-0.2857142857142857,-2.0571428571428574,0.5714285714285714
EQPWLQAYGHYEAVWGAPNLMWWWN,0,25,-0.076,-0.6480000000000001,0.28
VMRITRMNRIKQETAFKVDSCKRGHWQF,1,28,0.18214285714285713,-0.8142857142857142,0.5714285714285714
QCIAPTGWHCWYCESNFAAGRLH,0,23,0.008695652173913044,-0.19130434782608696,0.34782608695652173
CQQPNLNGIRTPVLSDCIGKPQEP,0,24,0.0,-0.6583333333333333,0.4583333333333333
RVHACQDRDLV,0,11,0.0090909090909091,-0.5636363636363635,0.5454545454545454
ITRQSNGLLADANHQ,1,15,0.006666666666666667,-0.7600000000000001,0.6
PQHRECISIVTNDDQDANDHGTSF,0,24,-0.15833333333333333,-1.1291666666666667,0.6666666666666666
DMHADDIIKTWLVEGTPRTTMYVKLVRT,1,28,0.003571428571428575,-0.2464285714285714,0.5
IQDSLYASEDGMTQWIMP,1,18,-0.16666666666666666,-0.3111111111111111,0.4444444444444444
NKPISCRYLSYRT,1,13,0.23076923076923078,-0.9307692307692306,0.5384615384615384
GALSWHP,1,7,0.014285714285714287,-0.1857142857142858,0.2857142857142857
SSRWTNDM,1,8,0.0,-1.5999999999999999,0.75
ETFAGNLSS,1,9,-0.1111111111111111,-0.14444444444444451,0.5555555555555556
MFLINTCKYNWCGW,0,14,0.07142857142857142,0.20714285714285724,0.2857142857142857
VEVVLDPSLDCS,0,12,-0.25,0.7500000000000001,0.4166666666666667
PLSWTALTGVTMHLRRKTC,1,19,0.1631578947368421,-0.04210526315789478,0.47368421052631576
NMDWYVLYKTMIFQHRYWRQTMKIQIV,1,27,0.11481481481481481,-0.38518518518518524,0.4444444444444444
MDKKHWDRRTPVDSKGRHLGKALGQ,1,25,0.168,-1.5680000000000005,0.6
DYWPTPT,0,7,-0.14285714285714285,-1.4714285714285713,0.42857142857142855
MSDNATMWACDDHASSPD,1,18,-0.21666666666666667,-0.8111111111111112,0.5555555555555556
IGNKVYETWNNDED,1,14,-0.21428571428571427,-1.6428571428571428,0.6428571428571429
KCNVCDHTFQYREHDHAEDRCDDFYSNV,1,28,-0.13214285714285715,-1.3678571428571427,0.6428571428571429
IMDIGKWGIWSVPKEDVGNECSWQ,1,24,-0.08333333333333333,-0.3999999999999999,0.4166666666666667
CYFIH,0,5,0.02,1.06,0.2
DEWPYIGIATARYKWVRFTHNDNRPKHCD,1,29,0.04137931034482759,-1.2413793103448276,0.5172413793103449
LFAEWYYPDISRLSYD,0,16,-0.125,-0.39375000000000004,0.375
GGGTMNFSVDDMAGHSVTVDWFKHF,1,25,-0.072,-0.128,0.44
DQVCSSQAGCPLSASYSMTHNF,0,22,-0.04090909090909091,-0.17727272727272733,0.5
GKKDVMGGVVCRNTEP,0,16,0.0625,-0.58125,0.4375
KCVNINSGEHTRTGYEVL,1,18,0.00555555555555556,-0.5944444444444444,0.5555555555555556
TMRNG,1,5,0.2,-1.44,0.6
HHTGAWSEISH,1,11,-0.06363636363636364,-0.9454545454545457,0.6363636363636364
NQPFLVRIDHNDFKKCR,1,17,0.12352941176470589,-1.088235294117647,0.5882352941176471
KCVLLTAFDIWK,1,12,0.08333333333333333,0.875,0.3333333333333333
DGLWNSRDYNDHHPPFRCY,1,19,-0.04210526315789473,-1.6684210526315792,0.5263157894736842
RWGNPPISHAENNWVWDFSEFASLTW,1,26,-0.07307692307692307,-0.6653846153846151,0.46153846153846156
RLFGESAWFPSM,1,12,0.0,0.04999999999999991,0.3333333333333333
WVGEYMEIDRMGRGADIPVAVYSQSFNLCT,1,30,-0.06666666666666667,-0.01666666666666666,0.36666666666666664
WNQDSHKIWHCPKNNIEAFRMQFCPW,0,26,0.04615384615384615,-1.0230769230769232,0.5
DWDRIKYGKAAMDSHGI,1,17,0.0058823529411764705,-0.8999999999999998,0.47058823529411764
HHVMKCTWVDHEDCLL,0,16,-0.10625000000000001,-0.16875000000000007,0.5
TECCIKMKLMRSYVRAQDKHTP,1,22,0.1409090909090909,-0.7454545454545456,0.5454545454545454
NKLEQNW,1,7,0.0,-2.1428571428571432,0.7142857142857143
CNRGIGCQFWLHEISNFGLLSI,1,22,0.00454545454545455,0.459090909090909,0.36363636363636365
AMIVVRGCVFLCGFKT,0,16,0.125,1.5812500000000003,0.1875
VSYRYAALTKNKSQLVQH,1,18,0.17222222222222222,-0.6277777777777778,0.5555555555555556
TGKYNKCAGMQYKIDWWNMD,0,20,0.05,-1.125,0.45
SQSLALKQDCDTGNLYADCMYWTRKDVQ,1,28,-0.03571428571428571,-0.7535714285714284,0.5357142857142857
PRHNQADWNAQSSIGGTTTMNMPI,0,24,0.00416666666666667,-0.8708333333333332,0.5416666666666666
RWCQQA,0,6,0.16666666666666666,-1.3499999999999999,0.5
ECLCRYCRMHWHWKLCTGGI,1,20,0.11000000000000001,-0.17000000000000015,0.35
HKFYINKFGMLEVGEEKSWRVYVILT,0,26,0.04230769230769231,-0.09615384615384635,0.4230769230769231
